date,ret,benchmark_ret
2018-01-02,0.0,0.0
2018-01-03,0.0,0.006206683578600325
2018-01-04,0.0,0.004927713804365741
2018-01-05,0.0,0.0017839685029137353
2018-01-08,0.0,0.005227389990418052
2018-01-09,0.0,0.0012963853725491692
2018-01-10,0.0,0.0023240282374996646
2018-01-11,0.0,0.0010260579560550376
2018-01-12,0.0,0.0010498212588805345
2018-01-15,0.0,-0.005381544914304315
2018-01-16,0.0,0.007654623033419128
2018-01-17,0.0,0.0023502921788256526
2018-01-18,0.0,0.008733199774376255
2018-01-19,0.0,0.003772928961301991
2018-01-22,0.0,0.00386999034366009
2018-01-23,0.0,0.01289298278784079
2018-01-24,0.0,0.003654301911318436
2018-01-25,0.0,-0.0031347407545798678
2018-01-26,0.0,0.0027680806649483802
2018-01-29,0.0,-0.009872604394051021
2018-01-30,0.0,-0.009932441120510616
2018-01-31,0.0,-0.0020573341410529133
2018-02-01,0.0,-0.00972554558061256
2018-02-02,0.0,0.004380936355882659
2018-02-05,0.0,0.0073412493815132596
2018-02-06,0.0,-0.033503971472950145
2018-02-07,0.0,-0.018213686847529775
2018-02-08,0.0,-0.014266029263339863
2018-02-09,0.0,-0.040526356125749174
2018-02-12,0.0,0.007755640763729588
2018-02-13,0.0,0.009775769825228764
2018-02-14,0.0,0.0044584561371119324
2018-02-22,0.0,0.021693201244452176
2018-02-23,0.0,0.0062611689126614856
2018-02-26,0.0002267737336387743,0.012328885407950851
2018-02-27,-0.007582728186119936,-0.011264504107732609
2018-02-28,-0.00828251951489789,-0.009920815730416366
2018-03-01,0.00229998545138832,0.004401719576070162
2018-03-02,-0.004645803850243824,-0.005873072358805187
2018-03-05,-0.0015022910068334117,0.0007368195941162003
2018-03-06,0.0,0.010045054754084015
2018-03-07,0.0,-0.005463816427440871
2018-03-08,0.0,0.005116044782049967
2018-03-09,0.0,0.005704891670919032
2018-03-12,0.0,0.005906265364363117
2018-03-13,0.0,-0.004947847701279873
2018-03-14,0.0,-0.0056965675288098705
2018-03-15,0.0,-8.20324107015935e-05
2018-03-16,0.0,-0.006450707238161435
2018-03-19,0.0,0.0028655468301304055
2018-03-20,0.0,0.003472743174357973
2018-03-21,0.0,-0.0029441081370188416
2018-03-22,0.0,-0.005325283637188316
2018-03-23,0.0,-0.03392666723865312
2018-03-26,0.0,-0.006038833898287965
2018-03-27,0.0,0.010507313667262208
2018-03-28,0.0,-0.014008183414075948
2018-03-29,0.0,0.012247741241204535
2018-03-30,0.0,0.0026470235539532982
2018-04-02,0.0,-0.0018044133337246082
2018-04-03,0.0,-0.008392190261758858
2018-04-04,0.0,-0.0017604864834361855
2018-04-09,0.0,0.0022940738926213733
2018-04-10,0.0,0.016578434015423804
2018-04-11,0.0,0.005566836200233016
2018-04-12,0.0,-0.008704266287457685
2018-04-13,0.0,-0.006636777166417418
2018-04-16,0.0,-0.015322001663790497
2018-04-17,0.0,-0.01409737967864566
2018-04-18,0.0,0.008022050367207045
2018-04-19,0.0,0.008402991655234615
2018-04-20,0.0,-0.014702429222525848
2018-04-23,0.0,-0.0011495850782488048
2018-04-24,0.0,0.01985487670843522
2018-04-25,0.0,-0.0035005610549558863
2018-04-26,0.0,-0.013773046215266538
2018-04-27,0.0,0.002342090971469979
2018-05-02,0.0,-0.00034228442245753943
2018-05-03,0.0,0.006387818680978041
2018-05-04,0.0,-0.0031687993552755866
2018-05-07,0.0,0.014756231978112266
2018-05-08,0.0,0.007923434115113537
2018-05-09,0.0,-0.0007426859039606493
2018-05-10,0.0,0.0048313628665939135
2018-05-11,0.0,-0.003512460413941265
2018-05-14,0.0,0.0034043960303016263
2018-05-15,0.0,0.0056981152048876105
2018-05-16,0.0,-0.0070652150077158415
2018-05-17,0.0,-0.004821481812173012
2018-05-18,0.0,0.012370481659381927
2018-05-21,0.0,0.006431271946320205
2018-05-22,0.0,0.00015868867149593235
2018-05-23,0.0,-0.014119806492759013
2018-05-24,0.0,-0.0045166180493056984
2018-05-25,0.0,-0.004231212898035408
2018-05-28,0.0,-0.0019803883929693233
2018-05-29,0.0,-0.004663673868817497
2018-05-30,0.0,-0.025322540483601497
2018-05-31,0.0,0.017764922768567448
2018-06-01,0.0,-0.006569914656042952
2018-06-04,0.0,0.005220580416417153
2018-06-05,0.0,0.007445350352016655
2018-06-06,0.0,0.0003127602990937728
2018-06-07,0.0,-0.0018236506397703023
2018-06-08,0.0,-0.013619878957992992
2018-06-11,0.0,-0.004683504023933582
2018-06-12,0.0,0.0088506127032284
2018-06-13,0.0,-0.009742509421060253
2018-06-14,0.0,-0.0018483197406253815
2018-06-15,0.0,-0.007312033533060092
2018-06-19,0.0,-0.03775074034523296
2018-06-20,0.0,0.002719905138622858
2018-06-21,0.0,-0.013691592262798036
2018-06-22,0.0,0.004850807250826872
2018-06-25,0.0,-0.010528209955152135
2018-06-26,0.0,-0.005185819365055355
2018-06-27,0.0,-0.011014207026311729
2018-06-28,0.0,-0.00934210348580855
2018-06-29,0.0,0.021716267231978836
2018-07-02,0.0,-0.02523725002792021
2018-07-03,0.0,0.004082423816192726
2018-07-04,0.0,-0.009961648979076254
2018-07-05,0.0,-0.00914927408172006
2018-07-06,0.0,0.004882068794483274
2018-07-09,0.0,0.024708897583710865
2018-07-10,0.0,0.004445652212524465
2018-07-11,0.0,-0.01763105079351035
2018-07-12,0.0,0.021559732605747728
2018-07-13,0.0,-0.0022818104641890713
2018-07-16,0.0,-0.006054710679348263
2018-07-17,0.0,-0.005655921269120956
2018-07-18,0.0,-0.003884385477995078
2018-07-19,0.0,-0.00527830766951165
2018-07-20,0.0,0.020459902364073468
2018-07-23,0.0,0.010699222520571539
2018-07-24,0.0,0.016093486299554316
2018-07-25,0.0,-0.0006590807561497325
2018-07-26,0.0,-0.00737761856038277
2018-07-27,0.0,-0.002994561493290804
2018-07-30,0.0,-0.0015812950611673315
2018-07-31,0.0,0.002562172147575037
2018-08-01,0.0,-0.018031908624701498
2018-08-02,0.0,-0.02000684006636133
2018-08-03,0.0,-0.009964147709701998
2018-08-06,0.0,-0.012876020409838929
2018-08-07,0.0,0.0274353762092181
2018-08-08,0.0,-0.012702140841786558
2018-08-09,0.0,0.018334809243204298
2018-08-10,0.0,0.00033209489611674137
2018-08-13,0.0,-0.003376369704970239
2018-08-14,0.0,-0.0017613874578586985
2018-08-15,0.0,-0.020750710634617975
2018-08-16,0.0,-0.006633965639685879
2018-08-17,0.0,-0.013391286089859733
2018-08-20,0.0,0.011052969576982097
2018-08-21,0.0,0.013103741162571847
2018-08-22,0.0,-0.00702970854765439
2018-08-23,0.0,0.0036896671637303147
2018-08-24,0.0,0.001764280135534424
2018-08-27,0.0,0.018856677454018644
2018-08-28,0.0,-0.0010493009634653383
2018-08-29,0.0,-0.003126731248341952
2018-08-30,0.0,-0.011395680127974761
2018-08-31,0.0,-0.004561066311336792
2018-09-03,0.0,-0.001657095679295395
2018-09-04,0.0,0.010969833875711377
2018-09-05,0.0,-0.016812090540904157
2018-09-06,0.0,-0.00471243044043701
2018-09-07,0.0,0.003978313214516582
2018-09-10,0.0009367487498070926,-0.01214372492183513
2018-09-11,0.0009592952542483157,-0.0017550201630652795
2018-09-12,0.004240916161954322,-0.00326103272290601
2018-09-13,-0.0034451812102924695,0.01147091046681048
2018-09-14,0.003378126755891886,-0.0018369092577993351
2018-09-17,-0.0015022364321760628,-0.01113272721238412
2018-09-18,0.0,0.01816170140233586
2018-09-19,0.0,0.011444656382525675
2018-09-20,0.0,-0.0005880952816885721
2018-09-21,0.0,0.02500362737813111
2018-09-25,0.0,-0.005843105503693602
2018-09-26,0.0,0.009231469552582583
2018-09-27,0.0,-0.005357677907292024
2018-09-28,0.0,0.010593618755093237
2018-10-08,-0.04888623542685211,-0.03715951583461807
2018-10-09,0.004744936905189956,0.0016576416063256438
2018-10-10,0.0,0.0017728691483649417
2018-10-11,-0.0417156711018426,-0.052233130594382615
2018-10-12,0.022587162319356535,0.00907891670776162
2018-10-15,-0.0015024026997465523,-0.01488925790772444
2018-10-16,0.0,-0.008476312041051592
2018-10-17,0.0,0.006002364186888709
2018-10-18,0.0,-0.029354539755013898
2018-10-19,0.0,0.02575832954944457
2018-10-22,0.0,0.040938025026808766
2018-10-23,0.0,-0.022618758842220865
2018-10-24,0.0,0.0032638026596003566
2018-10-25,0.0,0.0001939849306360486
2018-10-26,0.0,-0.0019022198325524542
2018-10-29,0.0,-0.02183429805602244
2018-10-30,0.0,0.010206116746646066
2018-10-31,0.0,0.013525837523286288
2018-11-01,0.0,0.001327041094090653
2018-11-02,0.0,0.02695035025594361
2018-11-05,0.0,-0.00412669495261675
2018-11-06,0.0,-0.002279181115549367
2018-11-07,0.0,-0.006773820428705446
2018-11-08,0.0,-0.002161779883104842
2018-11-09,0.0,-0.013947318897327143
2018-11-12,0.0,0.012177590893279966
2018-11-13,0.0,0.009260526435837857
2018-11-14,0.0,-0.008526562405833937
2018-11-15,0.0,0.013648815857806529
2018-11-16,0.0,0.004100188518722625
2018-11-19,0.0,0.009108248634807747
2018-11-20,0.0,-0.021326703931774715
2018-11-21,0.0,0.0021354155839985456
2018-11-22,0.0,-0.002289643051776147
2018-11-23,0.0,-0.024930124886880622
2018-11-26,0.0,-0.001423928748512826
2018-11-27,0.0,-0.0004390851809722429
2018-11-28,0.0,0.010509271252843622
2018-11-29,0.0,-0.013181193948504366
2018-11-30,0.0,0.00808002358767057
2018-12-03,0.0,0.025736152087869835
2018-12-04,0.0,0.004203709660772992
2018-12-05,0.0,-0.0060589851753104496
2018-12-06,0.0,-0.016840484488481078
2018-12-07,0.0,0.0002713822955102696
2018-12-10,0.0,-0.008176099663531278
2018-12-11,0.0,0.00367796417370414
2018-12-12,0.0,0.003108992447441894
2018-12-13,0.0,0.012257542119929132
2018-12-14,0.0,-0.015302676601688048
2018-12-17,0.0,0.0016320056628631452
2018-12-18,0.0,-0.008207934336525335
2018-12-19,0.0,-0.010512487144160199
2018-12-20,0.0,-0.005214619132768883
2018-12-21,0.0,-0.00789230475643743
2018-12-24,0.0,0.004274613303680841
2018-12-25,0.0,-0.008780347660295562
2018-12-26,0.0,-0.0026049786431674438
2018-12-27,0.0,-0.006087354010376633
2018-12-28,0.0,0.004353453726532397
2019-01-02,0.0,-0.011470005164609831
2019-01-03,0.0,-0.0003764261500976973
2019-01-04,0.0,0.02049413986494697
2019-01-07,0.0,0.007245310688274609
2019-01-08,0.0,-0.0026161733756691063
2019-01-09,0.0,0.007078277844669634
2019-01-10,0.0,-0.003633941151848452
2019-01-11,0.0,0.007389060545564652
2019-01-14,0.0,-0.007074078120282823
2019-01-15,0.0,0.013636910360384169
2019-01-16,0.0,2.9957068020225464e-05
2019-01-17,0.0,-0.0041958090928260194
2019-01-18,0.0,0.014208655367929035
2019-01-21,0.0,0.005586658890619045
2019-01-22,0.0,-0.011800380692041257
2019-01-23,0.0,0.0005039337846513003
2019-01-24,0.0,0.004141799082837627
2019-01-25,0.0,0.003869669798980624
2019-01-28,0.0,-0.0018241757481483045
2019-01-29,0.0,-0.0010485268063599174
2019-01-30,0.0,-0.0071997576181823675
2019-01-31,0.0,0.00349281092850684
2019-02-01,0.0,0.013023432893337628
2019-02-11,0.01591400450468461,0.013621405589726354
2019-02-12,0.006974227943455702,0.006781727693926154
2019-02-13,0.03407594165823591,0.018404173219446873
2019-02-14,-0.0018456849753009097,-0.000502743775605996
2019-02-15,-0.02257571741635145,-0.013720263264330401
2019-02-18,0.05802869856875703,0.02683134598500936
2019-02-19,0.00826442233520086,0.00046798581302298636
2019-02-20,0.0029134985241008327,0.0020223932972520675
2019-02-21,0.007033011778524001,-0.003410812398437102
2019-02-22,0.09965329161548708,0.019051159586031208
2019-02-25,0.10010090193621979,0.056007254764772973
2019-02-26,-0.022020369707384635,-0.006675147225037148
2019-02-27,-0.00834095297373827,0.004184236971684019
2019-02-28,-0.03212778352125467,-0.004357063927979521
2019-03-01,0.03314690279004706,0.01803870444760447
2019-03-04,-0.0015000132404148214,0.011212740125684517
2019-03-05,0.0,0.008809357717196598
2019-03-06,0.0,0.01566736416537373
2019-03-07,0.0,0.0013922830960584331
2019-03-08,0.0,-0.04395963453727092
2019-03-11,0.0,0.01923726396622616
2019-03-12,0.0,0.011005641572345848
2019-03-13,0.0,-0.010899560076815806
2019-03-14,0.0,-0.011981033059339286
2019-03-15,0.0,0.010387586790317371
2019-03-18,0.0,0.024709845384348395
2019-03-19,0.0,-0.0017578376046128996
2019-03-20,0.0,-0.00010838004189617223
2019-03-21,0.0,0.003499275231020116
2019-03-22,0.0,0.0008686245649220936
2019-03-25,0.0,-0.019689132190497283
2019-03-26,0.0,-0.015095475530811253
2019-03-27,0.0,0.008549945864245068
2019-03-28,0.0,-0.009189405568494458
2019-03-29,0.0,0.031992261622341145
2019-04-01,0.0,0.025755170738052113
2019-04-02,0.0,0.0020382536878291724
2019-04-03,0.0,0.01242499188654822
2019-04-04,0.0,0.009413315631805919
2019-04-08,0.0,-0.000542418447032178
2019-04-09,0.0,-0.0015859172031643665
2019-04-10,0.0,0.0006994552521493169
2019-04-11,0.0,-0.016029957463609468
2019-04-12,0.0,-0.00041881376643360113
2019-04-15,0.0,-0.0033992697795228732
2019-04-16,0.0,0.023856539157596224
2019-04-17,0.0,0.002925991471595335
2019-04-18,0.0,-0.003958483879528685
2019-04-19,0.0,0.006336838860119709
2019-04-22,0.0,-0.01704599826892339
2019-04-23,0.0,-0.0051162612755101256
2019-04-24,0.0,0.0009441648424277638
2019-04-25,0.0,-0.024296495455104816
2019-04-26,0.0,-0.011981141075079194
2019-04-29,0.0,-0.007743652068316509
2019-04-30,0.0,0.005172246586856222
2019-05-06,0.0,-0.0558336817355074
2019-05-07,0.0,0.006856097305867115
2019-05-08,0.0,-0.011151619862144191
2019-05-09,0.0,-0.014791497696593048
2019-05-10,0.0,0.030957005970633
2019-05-13,0.0,-0.012077390837200719
2019-05-14,0.0,-0.006922860489311455
2019-05-15,0.0,0.01909654249480952
2019-05-16,0.0,0.005796143708157064
2019-05-17,0.0,-0.02483835530604983
2019-05-20,0.0,-0.004056141353976139
2019-05-21,0.0,0.012319354282459782
2019-05-22,0.0,-0.004908517606347584
2019-05-23,0.0,-0.01355255809288991
2019-05-24,0.0,0.00016827255947826636
2019-05-27,0.0,0.013804090087785159
2019-05-28,0.0,0.00606179413617447
2019-05-29,0.0,0.001644380188947192
2019-05-30,0.0,-0.0030504038843158776
2019-05-31,0.0,-0.0024464821280161253
2019-06-03,0.0,-0.0029720260420545985
2019-06-04,0.0,-0.009619453572408454
2019-06-05,0.0,-0.00030115851698664375
2019-06-06,0.0,-0.011749419343835776
2019-06-10,0.0,0.008604575008540394
2019-06-11,0.0,0.02580036674345121
2019-06-12,0.0,-0.005583590478364986
2019-06-13,0.0,0.00046779726264700727
2019-06-14,0.0,-0.009883050398506787
2019-06-17,0.0,0.001959767853561445
2019-06-18,0.0,0.0008782312920458946
2019-06-19,0.0,0.009565221001758273
2019-06-20,0.0,0.02375623028696605
2019-06-21,0.0,0.00497502777760106
2019-06-24,0.0,0.0020546439350030976
2019-06-25,0.0,-0.008667791611317144
2019-06-26,0.0,-0.0019416017174623823
2019-06-27,0.0,0.006890807463266313
2019-06-28,0.0,-0.005978057209823806
2019-07-01,0.0,0.02216438538268406
2019-07-02,0.0,-0.00031528097939381716
2019-07-03,0.0,-0.009421989833581113
2019-07-04,0.0,-0.003321103333274844
2019-07-05,0.0,0.0019332840639829652
2019-07-08,-0.037489717223650465,-0.02580354619421288
2019-07-09,0.0026708224664244717,-0.00174986866610094
2019-07-10,-0.005327416349574565,-0.0044149537433875174
2019-07-11,0.0,0.0008434803666994561
2019-07-12,-0.001338987430924865,0.004381784525874233
2019-07-15,0.024090473698979542,0.003971614845834193
2019-07-16,0.0026143941771876733,-0.001552587617705825
2019-07-17,0.0,-0.002016600530293844
2019-07-18,-0.016949250130870563,-0.010409002579738091
2019-07-19,0.005305070859379368,0.007936089387169387
2019-07-22,-0.02243173054875558,-0.012730657023918512
2019-07-23,0.016194403050265427,0.00449293966623876
2019-07-24,0.014608296816223332,0.008046014665795242
2019-07-25,0.0052356243782365475,0.004817194943484759
2019-07-26,0.01302088846452043,0.0024447122586268577
2019-07-29,0.0012811688880123295,-0.0012001870580168328
2019-07-30,0.0,0.003852761996146148
2019-07-31,0.002567404808240248,-0.006717388049742423
2019-08-01,-0.011523735543039426,-0.008095465107317623
2019-08-02,-0.01943013362654411,-0.01407057150695512
2019-08-05,-0.001325298042166967,-0.016159211224622938
2019-08-06,-0.022486869174894175,-0.015573298703949967
2019-08-07,-0.017591417027030154,-0.0031956151379126663
2019-08-08,0.020661249534198234,0.009344525188898611
2019-08-09,-0.018893470196292617,-0.007084856535144124
2019-08-12,0.0151262027063912,0.014502552119053602
2019-08-13,-0.004065058555570933,-0.006299835807820564
2019-08-14,0.012244952114066399,0.0041665772934942336
2019-08-15,0.0,0.002450412347828168
2019-08-16,0.0013440918940170743,0.0028503465092313274
2019-08-19,0.02952583805820508,0.020989976712429748
2019-08-20,0.003911359471248543,-0.0010734987666034534
2019-08-21,-0.0025974135626931627,0.00011458329354741004
2019-08-22,0.015625066134854926,0.0010780011047339944
2019-08-23,-0.006410283125083627,0.004851503553399583
2019-08-26,-0.002584839561640795,-0.011685548374850141
2019-08-27,0.020698664015944113,0.013488771172457392
2019-08-28,0.00253486468946007,-0.0029071119667093415
2019-08-29,0.0025284553971547385,-0.0009803867361312113
2019-08-30,0.02017662747460447,-0.0016195541971255611
2019-09-02,0.04943973958796888,0.01312054415489805
2019-09-03,0.0023557216227108047,0.0020683244725052674
2019-09-04,-0.007050555721566987,0.009302582731146591
2019-09-05,0.0047337460211385185,0.009620911797206366
2019-09-06,0.007067164868132192,0.004600341944461794
2019-09-09,0.009352923174628991,0.008380447932908375
2019-09-10,-0.013905034995247312,-0.0011693570916365692
2019-09-11,-0.009400740962225651,-0.004101016747638964
2019-09-12,0.0035587325840107376,0.007452443024024147
2019-09-16,-0.00591018819404765,-0.00015868119759776533
2019-09-17,-0.029726630953548105,-0.017367295399098648
2019-09-18,-0.006127475390314108,0.0025321360671404225
2019-09-19,0.017262707910773667,0.004561806957860792
2019-09-20,-0.013333385869874759,0.0023899077078191056
2019-09-23,-0.018934071924296858,-0.009769006405235148
2019-09-24,0.009520929300827374,0.0027758771439232444
2019-09-25,-0.009985908833572865,-0.010018286018247169
2019-09-26,-0.016250686550690174,-0.008914091437701277
2019-09-27,0.004557002432118429,0.001051180435684973
2019-09-30,-0.02337663720463068,-0.009200703779832398
2019-10-08,0.0,0.0028848381292920777
2019-10-09,0.0,0.003873941590557095
2019-10-10,0.0,0.007813715337194216
2019-10-11,0.0,0.008801744811482548
2019-10-14,0.0,0.011510073794682274
2019-10-15,0.0,-0.005597624641649923
2019-10-16,0.0,-0.0041236410272526
2019-10-17,0.0,-0.0004626160568730331
2019-10-18,0.0,-0.013163790155891086
2019-10-21,0.0,0.0005026988153393752
2019-10-22,0.0,0.005021740920078788
2019-10-23,0.0,-0.0043193495758838685
2019-10-24,0.0,-0.0002369443493531742
2019-10-25,0.0,0.004764152194447702
2019-10-28,0.0,0.008500023519991906
2019-10-29,0.0,-0.008682404657640141
2019-10-30,0.0,-0.0050284749452977895
2019-10-31,0.0,-0.0034923031543679928
2019-11-01,0.0,0.009949621994253643
2019-11-04,0.0,0.005845786574872225
2019-11-05,0.0,0.005400787500016602
2019-11-06,0.0,-0.004334190633521806
2019-11-07,0.0,3.961598014634582e-05
2019-11-08,0.0,-0.004877608256449006
2019-11-11,0.0,-0.018288332205985913
2019-11-12,0.0,0.0016659936941039177
2019-11-13,0.0,-0.0032873351143447582
2019-11-14,0.0,0.001593327369398878
2019-11-15,0.0,-0.006366951100908347
2019-11-18,0.0,0.006176022699486028
2019-11-19,0.0,0.008521586690499072
2019-11-20,0.0,-0.00781801989167663
2019-11-21,0.0,-0.0025471882511240995
2019-11-22,0.0,-0.006319658304513198
2019-11-25,0.0,0.007237059177454652
2019-11-26,0.0,0.0003065891900986273
2019-11-27,0.0,-0.0013295219224920274
2019-11-28,0.0,-0.004650738238389129
2019-11-29,0.0,-0.006129370836279069
2019-12-02,0.0,0.0013321815151283722
2019-12-03,0.0,0.00309200165379675
2019-12-04,0.0,-0.002282040517918804
2019-12-05,0.0,0.007419089432114445
2019-12-06,0.0,0.004326654294286358
2019-12-09,0.0,0.0008461497781260263
2019-12-10,0.0,0.00097375928039245
2019-12-11,0.0,0.0024340866741896505
2019-12-12,0.0,-0.0029814489520474385
2019-12-13,0.0,0.017826949155913985
2019-12-16,0.0,0.005633027325085305
2019-12-17,0.0,0.012742624714640494
2019-12-18,0.0,-0.0017793676726811647
2019-12-19,0.0,7.291905587125669e-06
2019-12-20,0.0,-0.004019799367995125
2019-12-23,0.0,-0.014039224769362924
2019-12-24,0.0,0.006726856222476929
2019-12-25,0.0,-0.0002682150722790322
2019-12-26,0.0,0.008542929781570674
2019-12-27,0.0,-0.0007711094965509036
2019-12-30,0.0,0.011643121746295115
2019-12-31,0.0,0.003322342192035199
2020-01-02,0.0,0.011499204622500647
2020-01-03,0.0,-0.0004576691674245126
2020-01-06,0.0,-0.0001225765990248151
2020-01-07,0.0,0.006938426572156597
2020-01-08,0.0,-0.012209796309072374
2020-01-09,0.0,0.009126174274746601
2020-01-10,0.0,-0.0008371886230233994
2020-01-13,0.0,0.007528075462496897
2020-01-14,0.0,-0.002808474853718601
2020-01-15,0.0,-0.005401664724702493
2020-01-16,0.0,-0.005164014164227182
2020-01-17,0.0,0.00046030016775744365
2020-01-20,0.0,0.006597634983105172
2020-01-21,0.0,-0.014098192155984957
2020-01-22,0.0,0.0028219525828092618
2020-01-23,0.0,-0.027518373734585322
2020-02-03,0.0,-0.07724503179543385
2020-02-04,0.0,0.013355392072980088
2020-02-05,0.0,0.012503197656872134
2020-02-06,0.0,0.01718257201336515
2020-02-07,0.0,0.0032980872210457424
2020-02-10,-0.006429853130127339,0.005050132755486603
2020-02-11,0.004660077055099077,0.003869934765340588
2020-02-12,0.02467800327737768,0.008693257753972228
2020-02-13,0.011880303633324374,-0.007115038817533614
2020-02-14,-0.0032932657453070835,0.003762464410747901
2020-02-17,0.02379751193468671,0.022836413201472228
2020-02-18,0.005582874017834305,0.00045247018556660024
2020-02-19,-0.012523049946414622,-0.0032060602243505487
2020-02-20,0.019824319642535393,0.01840154708506625
2020-02-21,0.011220638083142997,0.003140104430335855
2020-02-24,0.034181449175576084,-0.0027753021792833454
2020-02-25,0.008827212289818753,-0.005998549105264983
2020-02-26,-0.06524887680297842,-0.008337398981098976
2020-02-27,0.0019427387963353304,0.00113791191156154
2020-02-28,-0.06146242498499288,-0.03711560981757611
2020-03-02,0.0,0.03146438709247357
2020-03-03,0.0,0.0073936419257125685
2020-03-04,0.0,0.006271181400496095
2020-03-05,0.0,0.019926180393177617
2020-03-06,0.0,-0.012099579480524869
2020-03-09,0.0,-0.03006085659270963
2020-03-10,0.0,0.01816707896025238
2020-03-11,0.0,-0.009425172903287149
2020-03-12,0.0,-0.015169527410488048
2020-03-13,0.0,-0.012334247538725918
2020-03-16,0.0,-0.03400016693062735
2020-03-17,0.0,-0.0034464412348247375
2020-03-18,0.0,-0.018306320852225166
2020-03-19,0.0,-0.009757559855113396
2020-03-20,0.0,0.01609397031230908
2020-03-23,0.0,-0.031122683490565795
2020-03-24,0.0,0.023408680733202125
2020-03-25,0.0,0.021727951196684803
2020-03-26,0.0,-0.005996568151104942
2020-03-27,0.0,0.0026373362469895856
2020-03-30,0.0,-0.00901413063906209
2020-03-31,0.0,0.001121863822767244
2020-04-01,0.0,-0.005735382664265987
2020-04-02,0.0,0.016864373371287655
2020-04-03,0.0,-0.005988194076323339
2020-04-07,0.0,0.02054134118575779
2020-04-08,0.0,-0.0019122485653703114
2020-04-09,0.0,0.003741960645300857
2020-04-10,0.0,-0.010358809074901387
2020-04-13,0.0,-0.004856915338491308
2020-04-14,0.0,0.015894443789686852
2020-04-15,0.0,-0.005697696339559966
2020-04-16,0.0,0.0031164915441022067
2020-04-17,0.0,0.006581711989815497
2020-04-20,0.0,0.00495262454223111
2020-04-21,0.0,-0.008953383162381257
2020-04-22,0.0,0.006001741060263965
2020-04-23,0.0,-0.0019272287428181434
2020-04-24,0.0,-0.010558397237413253
2020-04-27,0.0,0.002480301965904763
2020-04-28,0.0,-0.001943175178787393
2020-04-29,0.0,0.004419179337969981
2020-04-30,0.0,0.013335969348528653
2020-05-06,0.0,0.006313804988807847
2020-05-07,0.0,-0.002299054250314292
2020-05-08,0.0,0.008295597841284863
2020-05-11,0.0,-0.00018719709989545308
2020-05-12,0.0,-0.001121320214646837
2020-05-13,0.0,0.002245849639432862
2020-05-14,0.0,-0.00956091164748718
2020-05-15,0.0,-0.0006560193872369169
2020-05-18,0.0,0.0024260412995271707
2020-05-19,0.0,0.008053785571350058
2020-05-20,0.0,-0.005119065361750219
2020-05-21,0.0,-0.0054838546358926266
2020-05-22,0.0,-0.018884391636598385
2020-05-25,0.0,0.0014944389456830187
2020-05-26,0.0,0.010140988016196006
2020-05-27,0.0,-0.0034227434150920777
2020-05-28,0.0,0.003319933277025955
2020-05-29,0.0,0.0021533808676905686
2020-06-01,0.0,0.022115090323736375
2020-06-02,0.0,0.002046695668667997
2020-06-03,0.0,0.0006753615905807919
2020-06-04,0.0,-0.0014093318980038516
2020-06-05,0.0,0.003955809212705441
2020-06-08,0.0,0.002378873474434995
2020-06-09,0.0,0.006243168715328595
2020-06-10,0.0,-0.004180829413770515
2020-06-11,0.0,-0.007764238371901544
2020-06-12,0.0,-0.0003957688340258114
2020-06-15,0.0,-0.010175560092487879
2020-06-16,0.0,0.014435139277052755
2020-06-17,0.0,0.0014066688519380754
2020-06-18,0.0,0.0011723940374803732
2020-06-19,0.0,0.00963455771157573
2020-06-22,0.0,-0.0007959202516214514
2020-06-23,0.0,0.0018035444977728687
2020-06-24,0.0,0.0030064430994203306
2020-06-29,0.0,-0.006052925423998379
2020-06-30,0.0,0.007819643723012248
2020-07-01,0.0,0.013839702426462708
2020-07-02,0.0,0.021344482995762304
2020-07-03,0.0,0.020139980696111337
2020-07-06,0.06034364060676767,0.057113441234859064
2020-07-07,0.012105012080251942,0.0037373071525805823
2020-07-08,0.09785645436708879,0.017368354817467013
2020-07-09,0.02971136890675541,0.013854805725971309
2020-07-10,-0.0250068648653069,-0.019495773771124658
2020-07-13,0.020684793660175727,0.017723409122749834
2020-07-14,0.002895766688197021,-0.008325477465421005
2020-07-15,-0.03657380218580042,-0.015613747829552937
2020-07-16,-0.03696321917342604,-0.04498403000740192
2020-07-17,0.03734458949631381,0.0012554129950508308
2020-07-20,0.09999634774277522,0.031118850550180266
2020-07-21,-0.04636379030226201,0.0020355149994766286
2020-07-22,0.01715925898000714,0.003694485974413464
2020-07-23,0.044986095877032506,-0.0024163227491956762
2020-07-24,-0.04035887659282367,-0.038597820823972784
2020-07-27,-0.00841462709110774,0.002646110071171881
2020-07-28,0.016022675304983247,0.007092477381477114
2020-07-29,0.02411882009045474,0.02062974758051528
2020-07-30,-0.013587001454685055,-0.0023462977667374485
2020-07-31,-0.00918276724166045,0.007053926254600995
2020-08-03,0.0843339657103277,0.01751023487261505
2020-08-04,-0.035897547916150074,0.0011051180445409425
2020-08-05,0.03280152460843899,0.001743043840355396
2020-08-06,0.03605161512823574,0.002634442268320436
2020-08-07,0.03479712265471813,-0.009575772716252762
2020-08-10,-0.023221498005786878,0.007518406933737953
2020-08-11,-0.010655769593699294,-0.01152977049358861
2020-08-12,-0.04473915769931858,-0.006294064287831191
2020-08-13,0.005203832609922632,0.000439856281479134
2020-08-14,0.035375434992268806,0.011856744579348044
2020-08-17,0.028330290816386716,0.023422524157770352
2020-08-18,0.0008103751691217465,0.0035733384979241833
2020-08-19,-0.022672131802764617,-0.012448244597574987
2020-08-20,-0.03728263141644217,-0.012977795148012228
2020-08-21,-0.0008605879019136786,0.0049894482563239695
2020-08-24,0.007748793254248376,0.0014656801598968983
2020-08-25,-0.03504284439533312,-0.0035621055765562293
2020-08-26,-0.032454489364369565,-0.012994808479305897
2020-08-27,0.0,0.006118797899775208
2020-08-28,0.0,0.01602751907174471
2020-08-31,0.0,-0.002388208262101732
2020-09-01,0.0,0.004396471043485395
2020-09-02,0.0,-0.0017020430674069553
2020-09-03,0.0,-0.005821483892455626
2020-09-04,0.0,-0.008748645856505477
2020-09-07,0.0,-0.018709130774666405
2020-09-08,0.0,0.007236246469725538
2020-09-09,0.0,-0.018631251739452348
2020-09-10,0.0,-0.006085180856307049
2020-09-11,0.0,0.007890076211279684
2020-09-14,0.0,0.005664429480797262
2020-09-15,0.0,0.005143933141678714
2020-09-16,0.0,-0.0035670938926108953
2020-09-17,0.0,-0.004107585924643775
2020-09-18,0.0,0.020686850526000278
2020-09-21,0.0,-0.00633745644964645
2020-09-22,0.0,-0.01285313097784535
2020-09-23,0.0,0.0016519551342544236
2020-09-24,0.0,-0.017237799306097368
2020-09-25,0.0,-0.0011659307465679003
2020-09-28,0.007118453684192394,-0.0005848883245358483
2020-09-29,0.0027240453425403377,0.002120878249964875
2020-09-30,0.002337710671410642,-0.0019560476981627106
2020-10-09,0.010996522894818783,0.016787795846679998
2020-10-12,0.02625023904958379,0.026401892865569154
2020-10-13,0.006334265722392818,0.0003826152721555509
2020-10-14,-0.004196263566457525,-0.005646848723863562
2020-10-15,-0.006320919594286156,-0.0025727540111912806
2020-10-16,0.004594147834942275,0.0012529323869667763
2020-10-19,-0.02631266170941271,-0.007100856682646262
2020-10-20,0.007564888911373746,0.004659689609610718
2020-10-21,0.002502697012247923,-0.0009248511839927698
2020-10-22,-0.016048601719734323,-0.003766588221141176
2020-10-23,-0.025734123862275027,-0.010416298742249586
2020-10-26,-0.0011194488810105652,-0.008199519401634436
2020-10-27,0.02607085165237577,0.000983353731438319
2020-10-28,0.010889328079770833,0.0045852953431688714
2020-10-29,0.017953379889196874,0.0010672211689697342
2020-10-30,-0.01587306670373856,-0.014725945671606677
2020-11-02,-0.011114362115275056,0.0001820418646669708
2020-11-03,0.011598443349539522,0.01424877213871123
2020-11-04,0.005732730919956408,0.0019461497966724028
2020-11-05,0.0007125067554867304,0.013026325424721596
2020-11-06,-0.027411978866114683,-0.0024017110157934507
2020-11-09,0.019396387143700178,0.018590593024066626
2020-11-10,-0.006463216740921429,-0.0040266956434619194
2020-11-11,-0.025298239777093,-0.005340834587989951
2020-11-12,0.010381940736952311,-0.0010543943620420215
2020-11-13,-0.003302763287020616,-0.008558474774004843
2020-11-16,0.00331035701263116,0.011136806838453861
2020-11-17,-0.02458723780364891,-0.0021135540843074674
2020-11-18,-0.015801408323687816,0.0022180338004638145
2020-11-19,0.005733964835278549,0.004715736818567073
2020-11-20,0.004941104073569624,0.004352844766476238
2020-11-23,-0.0034073639882036266,0.01088394651195923
2020-11-24,-0.007969666902446049,-0.0034169085280671974
2020-11-25,-0.020217170381604976,-0.011900707148153056
2020-11-26,0.0,0.0022026412065214718
2020-11-27,0.0,0.01144719774534031
2020-11-30,0.0,-0.004856370039435842
2020-12-01,0.0,0.017743911337935625
2020-12-02,0.0,-0.0007407433157837762
2020-12-03,0.0,-0.002100376850223351
2020-12-04,0.0,0.000710314758045616
2020-12-07,0.0,-0.008122032839407822
2020-12-08,0.0,-0.001881107672999205
2020-12-09,0.0,-0.011205576719331534
2020-12-10,0.0,0.00038909074948612066
2020-12-11,0.0,-0.007732838937578923
2020-12-14,0.0,0.0065514636003742854
2020-12-15,0.0,-0.0005600869069667391
2020-12-16,0.0,-7.424493642116392e-05
2020-12-17,0.0,0.011253398071805032
2020-12-18,0.0,-0.0029302120813317067
2020-12-21,0.0,0.007562234601590223
2020-12-22,0.0,-0.01864806703212263
2020-12-23,0.0,0.007607881596124022
2020-12-24,0.0,-0.005678646609427851
2020-12-25,0.0,0.009946142160551785
2020-12-28,0.0,0.00021256782223688653
2020-12-29,0.0,-0.005371642355586959
2020-12-30,0.0,0.01048139173421081
2020-12-31,0.0,0.017167024996390223
2021-01-04,0.0,0.008605933253845732
2021-01-05,0.0,0.0073420806073039024
2021-01-06,0.0,0.006291309745833695
2021-01-07,0.0,0.0071328857631507425
2021-01-08,0.0,-0.0017048798936302179
2021-01-11,0.0,-0.010814798880033782
2021-01-12,0.0,0.021758755066546787
2021-01-13,0.0,-0.0026846147216212923
2021-01-14,0.0,-0.009099796257042825
2021-01-15,0.0,0.00013264514898758684
2021-01-18,0.0,0.008368714701582292
2021-01-19,0.0,-0.008298426349415466
2021-01-20,0.0,0.004685702396911795
2021-01-21,0.0,0.010653368654781836
2021-01-22,0.0,-0.004007992789258008
2021-01-25,0.0,0.0048486864906076566
2021-01-26,0.0,-0.015122903076453476
2021-01-27,0.0,0.0010959736137070575
2021-01-28,0.0,-0.019075985191449818
2021-01-29,0.0,-0.006306958623475634
2021-02-01,0.0,0.006377995957013605
2021-02-02,0.0,0.008102339211316423
2021-02-03,0.0,-0.004634538732229854
2021-02-04,0.0,-0.004392279550156086
2021-02-05,0.0,-0.0015780189893422891
2021-02-08,0.006968062523146745,0.010329107667947923
2021-02-09,0.025294751610522193,0.02011127130852919
2021-02-10,0.0163374871984292,0.014319177885654844
2021-02-18,-0.019249144630624437,0.005545420520655098
2021-02-19,-0.008518137314504348,0.005662307090168239
2021-02-22,-0.0278578796923572,-0.014534783050986877
2021-02-23,-0.012966107685683848,-0.0016714047844237356
2021-02-24,-0.028007071121354032,-0.019876211274085342
2021-02-25,-0.14364246743228248,0.005882584004848201
2021-02-26,0.0,-0.021189686269018515
2021-03-01,0.0,0.012060141119609735
2021-03-02,0.0,-0.012054119502168392
2021-03-03,0.0,0.019470493996023075
2021-03-04,0.0,-0.020524168240420027
2021-03-05,0.0,-0.00042957141046717773
2021-03-08,0.0,-0.023007795288788713
2021-03-09,0.0,-0.018156820542617802
2021-03-10,0.0,-0.0004628951576701734
2021-03-11,0.0,0.02355574602775623
2021-03-12,0.0,0.004727320022427595
2021-03-15,0.0,-0.009594917925398905
2021-03-16,0.0,0.00783257981266372
2021-03-17,0.0,-0.00034293343870839266
2021-03-18,0.0,0.005083947386063992
2021-03-19,0.0,-0.016865103428520767
2021-03-22,0.0,0.011389086085759503
2021-03-23,0.0,-0.009272706733007396
2021-03-24,0.0,-0.013028838557951672
2021-03-25,0.0,-0.0010302753647765117
2021-03-26,0.0,0.016272782192370494
2021-03-29,0.0,0.004964124263126202
2021-03-30,0.0,0.006223917822510749
2021-03-31,0.0,-0.004271443354412319
2021-04-01,0.0,0.007094893768347488
2021-04-02,0.0,0.005210118361426375
2021-04-06,0.0,-0.00040896661454847827
2021-04-07,0.0,-0.0009592396367807954
2021-04-08,0.0,0.0008417571313696914
2021-04-09,0.0,-0.009153624278726347
2021-04-12,0.0,-0.01093379646950432
2021-04-13,0.0,-0.004828084107932451
2021-04-14,0.0,0.005962366810247088
2021-04-15,0.0,-0.005190063806790324
2021-04-16,0.0,0.00812889012847351
2021-04-19,0.0,0.014863343389896588
2021-04-20,0.0,-0.0013244960746777723
2021-04-21,0.0,-3.7432229669231987e-06
2021-04-22,0.0,-0.002250549248041356
2021-04-23,0.0,0.0026123238658237735
2021-04-26,0.0,-0.00949868256151254
2021-04-27,0.0,0.0004199158076068077
2021-04-28,0.0,0.004199428863731702
2021-04-29,0.0,0.005158417479783406
2021-04-30,0.0,-0.008070733525933571
2021-05-06,0.0,-0.0016168357482877482
2021-05-07,0.0,-0.006511815506019203
2021-05-10,0.0,0.0026666674466506723
2021-05-11,0.0,0.004041434181128123
2021-05-12,0.0,0.006074067832804841
2021-05-13,0.0,-0.009592084443842408
2021-05-14,0.0,0.017740009144094238
2021-05-17,0.0,0.007804316784208787
2021-05-18,0.0,0.003240262723390064
2021-05-19,0.0,-0.005114459732945442
2021-05-20,0.0,-0.001145269178131847
2021-05-21,0.0,-0.005813323509015311
2021-05-24,0.0,0.0030761005771597905
2021-05-25,0.0,0.024035808379192725
2021-05-26,0.0,0.003354887637092574
2021-05-27,0.0,0.004311845441463014
2021-05-28,0.0,-0.002235337507699664
2021-05-31,0.0,0.004080500246612884
2021-06-01,0.0,0.0025548496090554984
2021-06-02,0.0,-0.007607772640820465
2021-06-03,0.0,-0.0035934123183487543
2021-06-04,0.0,0.0021296173329035106
2021-06-07,0.0,0.002142631433149189
2021-06-08,0.0,-0.005399299521799961
2021-06-09,0.0,0.0031538172333442915
2021-06-10,0.0,0.0054190611619935325
2021-06-11,0.0,-0.00584653125475143
2021-06-15,0.0,-0.009245495784105273
2021-06-16,0.0,-0.010749153887226193
2021-06-17,0.0,0.0020677429541122727
2021-06-18,0.0,-0.00014380514657896803
2021-06-21,0.0,0.001159117039900126
2021-06-22,0.0,0.007998735118014189
2021-06-23,0.0,0.0024759572408257213
2021-06-24,0.0,0.00012169748361001709
2021-06-25,0.0,0.011469573443345205
2021-06-28,0.0,-0.00032986266071122206
2021-06-29,0.0,-0.00920426400826091
2021-06-30,0.0,0.005042849810448891
2021-07-01,0.0,-0.0006724777281780225
2021-07-02,0.0,-0.01951135510599422
2021-07-05,0.0031948356807514067,0.004422580681831212
2021-07-06,0.008423791595395747,-0.0011495839937620822
2021-07-07,0.02598843050763322,0.006644554974578387
2021-07-08,0.040709153453153846,-0.007938732301624563
2021-07-09,-0.007823348784447126,-0.00040164470101267113
2021-07-12,0.014867690450521165,0.006738764752752813
2021-07-13,-0.0060345151671667985,0.005267154400597995
2021-07-14,-0.019080762245984206,-0.010660803252915962
2021-07-15,-0.000884178168228722,0.01022785596489828
2021-07-16,0.043363070923816194,-0.007093662945808488
2021-07-19,-0.008485696635722073,-5.113999814643222e-05
2021-07-20,0.017964143103300856,-0.0006589203031373003
2021-07-21,0.015966448761161045,0.007314540214561571
2021-07-22,-0.0024813990939569486,0.003388759132569863
2021-07-23,0.023217336354323992,-0.006808338746323472
2021-07-26,0.007289599062062058,-0.023364999284586907
2021-07-27,-0.020112705726075708,-0.024876558822486294
2021-07-28,-0.04926127119379464,-0.005794717411036099
2021-07-29,0.04317806573390359,0.014913775921513439
2021-07-30,-0.0016556354912821147,-0.0042110674837707585
2021-08-02,0.05389333766697013,0.01970001975064717
2021-08-03,-0.015735698608498105,-0.004703423650190386
2021-08-04,0.02797772155907796,0.008476820270122642
2021-08-05,0.034992350063469235,-0.003068544144041452
2021-08-06,0.008264491588315437,-0.0024003699356334174
2021-08-09,-0.006709861989298904,0.01052764595046951
2021-08-10,0.03900988807398731,0.010100053367518846
2021-08-11,-0.004332144461067333,0.0007620545557405212
2021-08-12,-0.028281458360123413,-0.0022317706881093136
2021-08-13,-0.003731356189590418,-0.0023939374767537602
2021-08-16,-0.019479127195303314,0.000297471858906162
2021-08-17,-0.016806782197227088,-0.020006283148226722
2021-08-18,0.027972128706590826,0.011114089567203056
2021-08-19,0.020408234760546984,-0.0056612283755191894
2021-08-20,-0.00296297313541094,-0.011028825108820972
2021-08-23,0.0438301375767538,0.014529660663361144
2021-08-24,-0.005693968961231977,0.010738447663189099
2021-08-25,-0.010021507836722843,0.007373229143162741
2021-08-26,-0.003615341110962844,-0.010936666757052294
2021-08-27,-0.016690912452396844,0.005852360477761387
2021-08-30,0.026564845138344673,0.0017017980743048167
2021-08-31,0.0021567289691504232,0.0044751485976650685
2021-09-01,-0.032281312495436865,0.006535381524517936
2021-09-02,-0.0044477543473823156,0.008393931094185403
2021-09-03,-0.03797481459947605,-0.004255995827684211
2021-09-06,0.004733429736282879,0.011202674458795858
2021-09-07,0.03479045734103936,0.015110472274044717
2021-09-08,-0.004182406488493329,-0.0003807879427304428
2021-09-09,0.03685890072986209,0.004882200551971749
2021-09-10,-0.014887518064569116,0.0027023148386327023
2021-09-13,0.018797527773833034,0.0033112707967088983
2021-09-14,-0.032577164244295465,-0.014203153816091607
2021-09-15,-0.0010681525230804567,-0.0017416579797641107
2021-09-16,-0.009172343180502085,-0.013437637693324622
2021-09-17,-0.027110340376927167,0.0019056902346819005
2021-09-22,0.027760638614517497,0.004018853525462163
2021-09-23,0.0027936954151031035,0.003783943182976701
2021-09-24,-0.045154392456091874,-0.00800418426124705
2021-09-27,-0.05532768248386544,-0.008368513509436681
2021-09-28,0.0,0.0054110841398880005
2021-09-29,0.0,-0.018300946805551388
2021-09-30,0.0,0.009013108073027798
2021-10-08,0.0,0.006726142582452077
2021-10-11,0.0,-0.00012749964018943238
2021-10-12,0.0,-0.012465653537076515
2021-10-13,0.0,0.004179945733444379
2021-10-14,0.0,-0.0009776060275785703
2021-10-15,0.0,0.003958654181233534
2021-10-18,0.0,-0.0011835293472169939
2021-10-19,0.0,0.007010659341090575
2021-10-20,0.0,-0.0017121452941192272
2021-10-21,0.0,0.0021695003709225613
2021-10-22,0.0,-0.003387965281909766
2021-10-25,0.0,0.007608711428893633
2021-10-26,0.0,-0.0033865551130333182
2021-10-27,0.0,-0.009821165998357806
2021-10-28,0.0,-0.012320112960569007
2021-10-29,0.0,0.008219321359577147
2021-11-01,-0.021347328244274766,-0.0008051112158532492
2021-11-02,-0.01560019812251634,-0.010961269354037628
2021-11-03,0.00950845261819211,-0.0020227474221452546
2021-11-04,0.004709446757742208,0.008097384706807542
2021-11-05,0.0,-0.010008319000495258
2021-11-08,-0.02184633954292048,0.0020228733909808394
2021-11-09,0.006379620975980771,0.002392650153731468
2021-11-10,0.025356717656082495,-0.004145991362422885
2021-11-11,-0.0030912068477552124,0.011546009663097268
2021-11-12,-0.004651188056001732,0.0017872579884545825
2021-11-15,0.021802923432743038,-0.0016379870588568712
2021-11-16,0.030487922142971247,-0.0032592732635723376
2021-11-17,0.0,0.004423606538385139
2021-11-18,-0.022189431934027115,-0.004708305558429826
2021-11-19,-0.0030257301579268425,0.01126533816606945
2021-11-22,-0.009108531388961838,0.006096833112710476
2021-11-23,0.001531399483113649,0.0019566843844918136
2021-11-24,0.007645289423297896,0.0010069407585042711
2021-11-25,0.009104738943609858,-0.0023725868795723137
2021-11-26,-0.001503765101916188,-0.005605188803349259
2021-11-29,-3.7984848280103733e-06,-0.00039056263746517494
2021-11-30,-0.001506029817016863,0.00033401661718657216
2021-12-01,-0.01206641091075178,0.003647141449770963
2021-12-02,-0.013740510925546734,-0.0008524176762743085
2021-12-03,0.007739968299846911,0.009400543281784524
2021-12-06,-0.0015000058115292036,-0.005024626936834808
2021-12-07,0.0,0.0016108963682672783
2021-12-08,0.0,0.011816122442621646
2021-12-09,0.0,0.00975184518887362
2021-12-10,0.0,-0.001822195831737261
2021-12-13,0.0,0.004018712899048094
2021-12-14,0.0,-0.005312840083431691
2021-12-15,0.0,-0.0037948668928929896
2021-12-16,0.0,0.007507888683885078
2021-12-17,0.0,-0.011605935865313222
2021-12-20,0.0,-0.010671287348955172
2021-12-21,0.0,0.008771978644268374
2021-12-22,0.0,-0.0006915623599186294
2021-12-23,0.0,0.005719896494744914
2021-12-24,0.0,-0.006940062398805069
2021-12-27,0.0,-0.0005748946809526201
2021-12-28,0.0,0.003909873245769857
2021-12-29,0.0,-0.009121481651254815
2021-12-30,0.0,0.00616875173755882
2021-12-31,0.0,0.005688014635323091
2022-01-04,0.0,-0.0020457308487474846
2022-01-05,0.0,-0.010228423691796551
2022-01-06,0.0,-0.00253033509346956
2022-01-07,0.0,-0.0018226034618870068
2022-01-10,0.029132411067193553,0.003904409026515232
2022-01-11,-0.02112374481748136,-0.007256953420866852
2022-01-12,0.009808902952676002,0.008406866434511606
2022-01-13,-0.029140868903001715,-0.011723084689300722
2022-01-14,-0.010005182684630576,-0.009564141459173503
2022-01-17,0.010085318713015656,0.005796227255274955
2022-01-18,-0.003996025749215981,0.007975907383700243
2022-01-19,-0.010030145091092568,-0.0032869139144531268
2022-01-20,0.007092237737290397,-0.0008760096453804822
2022-01-21,-0.02414500157934185,-0.009140484992811504
2022-01-24,0.0010268718578967384,0.00043632940513838037
2022-01-25,-0.03646307256085224,-0.02583464454095441
2022-01-26,0.0,0.0065850854383304736
2022-01-27,0.0,-0.017773987547414882
2022-01-28,0.0,-0.009665472194569036
2022-02-07,0.0,0.02027137179304117
2022-02-08,0.0,0.006720354468956691
2022-02-09,0.0,0.007911941885444529
2022-02-10,0.0,0.001712957614859567
2022-02-11,0.0,-0.006586234228279975
2022-02-14,0.0,-0.009837283147191234
2022-02-15,0.0,0.005018253763179992
2022-02-16,0.0,0.0057288131560153666
2022-02-17,0.0,0.0006359225247856148
2022-02-18,0.0,0.0065518369912644925
2022-02-21,0.0,-4.153826806041483e-05
2022-02-22,0.0,-0.009587430513617545
2022-02-23,0.0,0.009256479188324507
2022-02-24,0.0,-0.016964318213018803
2022-02-25,0.0,0.006253724537574223
2022-02-28,0.007034549895376552,0.00315813323613634
2022-03-01,0.0026684389505049477,0.007662234360567677
2022-03-02,0.019384716949632175,-0.0013308167339526333
2022-03-03,0.011274198713766115,-0.000883705605202012
2022-03-04,-0.007969512070223894,-0.009613017445857186
2022-03-07,-0.0015021789573912425,-0.021694203789306754
2022-03-08,0.0,-0.023518651113077715
2022-03-09,0.0,-0.011277261782950299
2022-03-10,0.0,0.01219265026157812
2022-03-11,0.0,0.004142784849451964
2022-03-14,0.0,-0.02604851669931252
2022-03-15,0.0,-0.04950096679636895
2022-03-16,0.0,0.03483884443849705
2022-03-17,0.0,0.013982672650604933
2022-03-18,0.0,0.011205752952136105
2022-03-21,0.0,0.0008040424819875103
2022-03-22,0.0,0.0018981548926357839
2022-03-23,0.0,0.003426832178785366
2022-03-24,0.0,-0.0063493703670979285
2022-03-25,0.0,-0.01169874200987997
2022-03-28,0.0,0.0007044928149826379
2022-03-29,0.0,-0.003286355620137793
2022-03-30,0.0,0.019556239990836444
2022-03-31,0.0,-0.004406115724136184
2022-04-01,0.0,0.009382563142583678
2022-04-06,0.0,0.00021597962906927393
2022-04-07,0.0,-0.01423239019243916
2022-04-08,0.0,0.004682245315051237
2022-04-11,0.0,-0.026054092285929475
2022-04-12,0.0,0.014588620724278023
2022-04-13,0.0,-0.008248763743530785
2022-04-14,0.0,0.012180465566971943
2022-04-15,0.0,-0.00446298890670116
2022-04-18,0.0,-0.0048956090239143935
2022-04-19,0.0,-0.0004678418938489637
2022-04-20,0.0,-0.013456045640161785
2022-04-21,0.0,-0.022608971612637196
2022-04-22,0.0,0.0023089101658286815
2022-04-25,0.0,-0.05131556739907961
2022-04-26,0.0,-0.014371120896892409
2022-04-27,0.0,0.024894454248957087
2022-04-28,0.0,0.005815199497546164
2022-04-29,0.0,0.0240555741332924
2022-05-05,0.0,0.006792444656524843
2022-05-06,0.0,-0.021578618137865435
2022-05-09,0.0,0.0008595527460544261
2022-05-10,0.0,0.0105530998711445
2022-05-11,0.0,0.007529701789683596
2022-05-12,0.0,-0.0012126054736272263
2022-05-13,0.0,0.009587907537625284
2022-05-16,0.0,-0.0034160267290475055
2022-05-17,0.0,0.006489794709978014
2022-05-18,0.0,-0.0024953962847686917
2022-05-19,0.0,0.0035606227784588107
2022-05-20,0.0,0.01601632566076794
2022-05-23,0.0,9.216393612465623e-05
2022-05-24,0.0,-0.024128837122246005
2022-05-25,0.0,0.011897710365632364
2022-05-26,0.0,0.005034330244855667
2022-05-27,0.0,0.0022833024026065463
2022-05-30,0.0,0.006012959393835615
2022-05-31,0.0,0.011865759348580474
2022-06-01,0.0,-0.0013400589437637667
2022-06-02,0.0,0.0041798691893579765
2022-06-06,0.0,0.012803798391341603
2022-06-07,0.0,0.001666063110174143
2022-06-08,0.0,0.00679537437025024
2022-06-09,0.0,-0.007610470394415425
2022-06-10,0.0,0.014165066870353682
2022-06-13,0.0,-0.008914605730456993
2022-06-14,0.0,0.010245884644412007
2022-06-15,0.0,0.005016864265240617
2022-06-16,0.0,-0.006057347854591
2022-06-17,0.0,0.009557783943129783
2022-06-20,0.0,-0.0004088295114609286
2022-06-21,0.0,-0.0026274118289331128
2022-06-22,0.0,-0.011950516508962505
2022-06-23,0.0,0.016205609570513202
2022-06-24,0.0,0.008914660155312282
2022-06-27,0.0,0.008788126386858552
2022-06-28,0.0,0.00888527855089305
2022-06-29,0.0,-0.013989164645181518
2022-06-30,0.0,0.011036085482808655
2022-07-01,0.0,-0.0032304326231619163
2022-07-04,0.028491431019708635,0.005251448133315462
2022-07-05,-0.009997921265537002,-0.00041169580202427003
2022-07-06,-0.006732592776180324,-0.01429924868354393
2022-07-07,0.017792848037639697,0.002696589029460572
2022-07-08,-0.012486997913422782,-0.0024729535566243577
2022-07-11,-0.008422990837161026,-0.012661803450336961
2022-07-12,-0.017826923691677377,-0.009692526279701963
2022-07-13,-0.005185854603340534,0.0008608954470668007
2022-07-14,0.026064439409799744,-0.0007758140871760855
2022-07-15,-0.016934894410590373,-0.016358070586858675
2022-07-18,0.002579873754297468,0.01550218536762471
2022-07-19,0.0051546602835530475,0.0004051123469885898
2022-07-20,0.041880512501237144,0.007712618438991514
2022-07-21,-0.018867998306528855,-0.00990188590635721
2022-07-22,-0.0008361237336481642,-0.0006194985881727844
2022-07-25,-0.011719468488440299,-0.00598965007061214
2022-07-26,0.004233717335309972,0.008321468083195116
2022-07-27,0.009274910787099744,-0.000512900938416716
2022-07-28,0.012531378203891608,0.0020822680572876173
2022-07-29,-0.017326800791664376,-0.008937492993307705
2022-08-01,-0.0008436312854768202,0.0020659416864059477
2022-08-02,-0.013445431987911483,-0.02260549902621467
2022-08-03,0.04429319510299656,-0.00709043124459785
2022-08-04,-0.021207260236253855,0.008017577032273238
2022-08-05,0.004166683211388911,0.011912052502336845
2022-08-08,0.020742933709674283,0.00307000840092142
2022-08-09,0.01544721431229279,0.0032431924778200116
2022-08-10,0.0016012871336594792,-0.005361775088747134
2022-08-11,0.002398090668756181,0.015989065083188425
2022-08-12,-0.021531182291464335,-0.0014556635122719985
2022-08-15,0.001626108477305488,-0.00024443923625094843
2022-08-16,0.0016273456095496908,0.0005488254738046372
2022-08-17,-0.0024370524876584643,0.004466599651909542
2022-08-18,0.0073290186661474355,-0.004550305753090345
2022-08-19,-0.02101867433455662,-0.005939203257072978
2022-08-22,0.0132082866085097,0.006051420500061688
2022-08-23,-0.005704993629846666,-0.0004792857635348424
2022-08-24,-0.03934441596137728,-0.01862510580018517
2022-08-25,0.0025597373693997394,0.009655688925396033
2022-08-26,-0.018723480183685748,-0.003088180570307686
2022-08-29,0.01994382919619575,0.0013920548738453054
2022-08-30,-0.008503435814909865,-0.004168199244120707
2022-08-31,-0.02487145669890134,-0.0077720143033321865
2022-09-01,-0.004397555808333786,-0.005358294989160406
2022-09-02,0.01413433511414608,0.0004703326237529559
2022-09-05,0.00866985102202511,0.004215939981383698
2022-09-06,0.01871652708107474,0.01360506163919517
2022-09-07,-0.006928952649600917,0.0008777698541087009
2022-09-08,-0.010989776948419627,-0.003298530570552183
2022-09-09,0.01297604860164836,0.008180280171814491
2022-09-13,-0.01581800455199578,0.000534325918577494
2022-09-14,-0.007917501565268603,-0.00804431157942731
2022-09-15,0.009950563219931707,-0.011620853103990636
2022-09-16,-0.04039568056036813,-0.022975894077318815
2022-09-19,0.0,-0.003453175187548174
2022-09-20,0.0,0.00218384761596635
2022-09-21,0.0,-0.0016746701101649775
2022-09-22,0.0,-0.0026520791087578655
2022-09-23,0.0,-0.006606817180297764
2022-09-26,0.0,-0.012027056343637543
2022-09-27,0.0,0.013973399544969789
2022-09-28,0.0,-0.01577155025014043
2022-09-29,0.0,-0.0012682807964488063
2022-09-30,0.0,-0.00552872956607664
2022-10-10,0.0,-0.016613592620795314
2022-10-11,0.0,0.0018990331675152738
2022-10-12,0.0,0.015340998519024485
2022-10-13,0.0,-0.0030242875076101905
2022-10-14,0.0,0.018443114804751026
2022-10-17,0.0,0.004217140241804307
2022-10-18,0.0,-0.0012917584836279472
2022-10-19,0.0,-0.011872609711852444
2022-10-20,0.0,-0.003064008477265401
2022-10-21,0.0,0.001278067906624214
2022-10-24,-0.03955496828752625,-0.020195930869066125
2022-10-25,-0.02421358139780605,-0.0004271961391141277
2022-10-26,0.05639642627125996,0.007802013451005951
2022-10-27,-0.01921883958781989,-0.005534581717510756
2022-10-28,-0.0217727124771796,-0.02245362990348665
2022-10-31,-0.00889498055629434,-0.007696697378465567
2022-11-01,0.04035899245314223,0.02616811641886252
2022-11-02,0.015086296024383383,0.011508150343526813
2022-11-03,-0.006369463822281762,-0.0018525855955142667
2022-11-04,0.0213676465257866,0.024347806362386093
2022-11-07,0.0020877962702248176,0.002286377864241018
2022-11-08,-0.018789223811451206,-0.004329042304984432
2022-11-09,-0.006383006338501085,-0.005327145469087191
2022-11-10,-0.006424010840413996,-0.003948601258198403
2022-11-11,0.006465545575278897,0.016850716635508745
2022-11-14,0.025691578835546514,-0.0012606513214005188
2022-11-15,0.0062630745946770094,0.016435423092877155
2022-11-16,0.0,-0.004498292639813051
2022-11-17,-0.004149395092132968,-0.0014567401073083408
2022-11-18,0.014583395090481233,-0.005839312969135979
2022-11-21,-0.010271114356419364,-0.0039386641603514905
2022-11-22,-0.01867227791490067,0.0012638393488066946
2022-11-23,-0.02114173990409418,0.002578228215930123
2022-11-24,0.00431967339214645,-0.0024530927147634607
2022-11-25,0.0,0.004008338431559233
2022-11-28,-0.017208672474110065,-0.007461731383473502
2022-11-29,0.024070128943899816,0.023127453875186
2022-11-30,-0.008547045670050601,0.0005038498317959661
2022-12-01,0.019396636697311065,0.004485717957627422
2022-12-02,-0.008456695961796545,-0.002946480950228203
2022-12-05,-0.0015000065012023,0.017638612179925905
2022-12-06,0.0,0.0002238610330487223
2022-12-07,0.0,-0.004019880885270277
2022-12-08,0.0,-0.0007091469328067701
2022-12-09,0.0,0.0030024864340780777
2022-12-12,0.0,-0.008702349584496005
2022-12-13,0.0,-0.0008543454285913077
2022-12-14,0.0,6.265099992885936e-05
2022-12-15,0.0,-0.0024797538190317603
2022-12-16,0.0,-0.000249317690068529
2022-12-19,0.0,-0.01917478624357538
2022-12-20,0.0,-0.01073310772211522
2022-12-21,0.0,-0.0017421625458801104
2022-12-22,0.0,-0.004556104120341131
2022-12-23,0.0,-0.0028041229282966817
2022-12-26,0.0,0.006466797948432301
2022-12-27,0.0,0.009787761660745575
2022-12-28,0.0,-0.0026386110723461975
2022-12-29,0.0,-0.004436742890457812
2022-12-30,0.0,0.005060998105867132
2023-01-03,0.0,0.00882218319091499
2023-01-04,0.0,0.002247384255218643
2023-01-05,0.0,0.010148819471390347
2023-01-06,0.0,0.0007673008757564936
2023-01-09,0.009014018691588799,0.0058423434992684875
2023-01-10,-0.002315575953206972,-0.00207110326077542
2023-01-11,0.0,-0.0024196192026078034
2023-01-12,-0.005802375724716646,0.0005101463136314432
2023-01-13,0.01867596729838117,0.010069699198754778
2023-01-16,0.016012582119473873,0.010104196593377912
2023-01-17,-0.005630662355276206,-0.0010369960019731561
2023-01-18,-0.003397527744738893,4.99341706352574e-05
2023-01-19,0.00340911029153923,0.004922767170139286
2023-01-20,0.004530036992985265,0.007571878841297286
2023-01-30,0.001123199140141251,0.0013795579166226979
2023-01-31,0.011261308466975928,-0.004174876839756925
2023-02-01,0.011135903621238397,0.008984942879635582
2023-02-02,0.002202652201619415,0.00022831599298744898
2023-02-03,-0.00769233915788603,-0.006776393619446264
2023-02-06,0.008733560299930332,-0.0075712307938393675
2023-02-07,0.0028759194149960976,0.0029011658388649053
2023-02-08,-0.015322477565871018,-0.004922271338206441
2023-02-09,0.026006075513934412,0.011842742781331905
2023-02-10,-0.012723166097889815,-0.002969071206644469
2023-02-13,0.016289742147703512,0.007203114203724326
2023-02-14,-0.006521310995274865,0.0027778792750656756
2023-02-15,0.029743988121941456,-0.003883966242803849
2023-02-16,-0.012856650049804963,-0.00959063457554532
2023-02-17,-0.0395844374855191,-0.007696450940742339
2023-02-20,0.04003986064036291,0.02056870544388012
2023-02-21,-0.011268123335754332,0.004919251456841023
2023-02-22,0.0010799979696309858,-0.004650200633656287
2023-02-23,-0.020689890187327253,-0.0011154162620460317
2023-02-24,0.007759875997637167,-0.006180119282963803
2023-02-27,-0.015435041500663549,-0.0027932516313861067
2023-02-28,0.017377005346152608,0.0066208639934388636
2023-03-01,0.04361773407376668,0.009983824271520447
2023-03-02,0.008509796961801985,-0.0005114196938245108
2023-03-03,-0.013255771530602534,0.005358155820572197
2023-03-06,-0.0015000331025399882,-0.0019129351612025003
2023-03-07,0.0,-0.011115807040643189
2023-03-08,0.0,-0.000563453338849218
2023-03-09,0.0,-0.002178939879046604
2023-03-10,0.0,-0.014046300258783728
2023-03-13,0.0,0.01195606172855923
2023-03-14,0.0,-0.007153923154676889
2023-03-15,0.0,0.005547386507060104
2023-03-16,0.0,-0.011161656168650613
2023-03-17,0.0,0.0073305853838880886
2023-03-20,0.0,-0.004810268797918904
2023-03-21,0.0,0.006411615779109869
2023-03-22,0.0,0.003101376652473009
2023-03-23,0.0,0.006400065161181967
2023-03-24,0.0,-0.006387965371416282
2023-03-27,0.0,-0.004365741134853773
2023-03-28,0.0,-0.0018518193871740474
2023-03-29,0.0,-0.0016389472283028228
2023-03-30,0.0,0.006540625674177791
2023-03-31,0.0,0.003560292391044051
2023-04-03,0.0,0.0071912639098525855
2023-04-04,0.0,0.0049029303518144385
2023-04-06,0.0,2.1131705467469786e-05
2023-04-07,0.0,0.004533560665429315
2023-04-10,0.0,-0.0036927004855684675
2023-04-11,0.0,-0.0005390066472459321
2023-04-12,0.0,0.004107653042593418
2023-04-13,0.0,-0.002650290846728409
2023-04-14,0.0,0.005963480799574539
2023-04-17,0.0,0.014216544298598865
2023-04-18,0.0,0.002280534379328847
2023-04-19,0.0,-0.006837823955281652
2023-04-20,0.0,-0.0009189561939488833
2023-04-21,0.0,-0.019534420681009523
2023-04-24,0.0,-0.007828833735503138
2023-04-25,0.0,-0.0032182201145321
2023-04-26,0.0,-0.00023615014616196195
2023-04-27,0.0,0.006673506732787882
2023-04-28,0.0,0.011379281800574903
2023-05-04,0.0,0.008179882796337745
2023-05-05,0.0,-0.004762332563985838
2023-05-08,0.0,0.018143933293807146
2023-05-09,0.0,-0.010996452434224091
2023-05-10,0.0,-0.011472237750512093
2023-05-11,0.0,-0.002892305893886671
2023-05-12,0.0,-0.011236871708579232
2023-05-15,0.0,0.011727003308313666
2023-05-16,0.0,-0.005965439115218074
2023-05-17,0.0,-0.002052575716646743
2023-05-18,0.0,0.003985102148691189
2023-05-19,0.0,-0.00417854500018211
2023-05-22,0.0,0.003937211706139365
2023-05-23,0.0,-0.01523811835084199
2023-05-24,0.0,-0.012780640236482954
2023-05-25,0.0,-0.0010883847689787673
2023-05-26,0.0,0.003512053531405268
2023-05-29,0.0,0.0027841210470087585
2023-05-30,0.0,0.0008583096793741696
2023-05-31,0.0,-0.006094200352148027
2023-06-01,0.0,2.2155900147424745e-05
2023-06-02,0.0,0.007936629288514796
2023-06-05,0.0,0.0007343496377321124
2023-06-06,0.0,-0.011477703692039376
2023-06-07,0.0,0.0007570399394116745
2023-06-08,0.0,0.004949403629229021
2023-06-09,0.0,0.0055452071299788575
2023-06-12,0.0,-0.0007959383624341898
2023-06-13,0.0,0.001498683425657621
2023-06-14,0.0,-0.0014485076258481389
2023-06-15,0.0,0.007428331282639755
2023-06-16,0.0,0.006258578685664595
2023-06-19,0.0,-0.0053547850601251
2023-06-20,0.0,-0.0047426044426480685
2023-06-21,0.0,-0.013104696538815741
2023-06-26,0.0,-0.014785323247967885
2023-06-27,0.0,0.012322657865009967
2023-06-28,0.0,-2.100680275518574e-05
2023-06-29,0.0,-0.00219321898703706
2023-06-30,0.0,0.00618436321735194
2023-07-03,0.0,0.013089378032030696
2023-07-04,0.0,0.00042355443553065975
2023-07-05,0.0,-0.006902801516878498
2023-07-06,0.0,-0.005390097944521055
2023-07-07,0.0,-0.002797002097907564
2023-07-10,0.003041326067211747,0.002217036866254185
2023-07-11,0.005433067550687065,0.005515816731674894
2023-07-12,-0.018012362785197578,-0.007833010023384546
2023-07-13,0.006419965726554233,0.01262337561566551
2023-07-14,-0.004556437631253796,0.0003772617164328196
2023-07-17,0.0045649188372078875,-0.00867004087159362
2023-07-18,0.0009099230575440043,-0.003679551848655427
2023-07-19,-0.008181862652414496,0.00031771644432754265
2023-07-20,-0.019248501450768174,-0.00916395838986428
2023-07-21,-0.0028037539841704318,-0.0005606523633531202
2023-07-24,0.007493598127194412,-0.0011314042007799507
2023-07-25,0.008372126751620801,0.02128842369272621
2023-07-26,-0.007380103285736683,-0.0026281741631881683
2023-07-27,-0.0027881153111199986,-0.0019723688407299322
2023-07-28,-0.0018639404215751165,0.018421218707166398
2023-07-31,0.0065319055389709835,0.0046136573292558936
2023-08-01,0.00278294253044975,-2.76508337790915e-05
2023-08-02,-0.007400584679345568,-0.008890748534845061
2023-08-03,-0.0009319702093713023,0.005755605223059179
2023-08-04,-0.0009328395880775497,0.0023231476776295334
2023-08-07,-0.003738869452487026,-0.00585538568965982
2023-08-08,-0.012183742029668432,-0.002511907161918292
2023-08-09,-0.0037950820015244524,-0.004947832007409558
2023-08-10,0.0,0.0031046510588577103
2023-08-11,-0.009523848790942924,-0.020067843272208896
2023-08-14,0.00191891422919932,-0.0033929628551934155
2023-08-15,-0.010556665740820259,-0.0007082119551590216
2023-08-16,-0.01551897884072595,-0.008201056868385015
2023-08-17,0.031527228066726254,0.004320776806529869
2023-08-18,-0.009551137868960446,-0.010046972901367801
2023-08-21,-0.016397617376765816,-0.012444311903786476
2023-08-22,0.01274515213388594,0.008844550462369982
2023-08-23,-0.02226534016606918,-0.013438305001964523
2023-08-24,0.0009901032538361942,0.0012480501247076337
2023-08-25,-0.018289890386700036,-0.005894731241264606
2023-08-28,0.0,0.011279423643350661
2023-08-29,0.0,0.012021741179022216
2023-08-30,0.0,0.0003989301910429788
2023-08-31,0.0,-0.005502467535696498
2023-09-01,0.0,0.004285747254057393
2023-09-04,0.0,0.013983257623800593
2023-09-05,0.0,-0.007142137699634232
2023-09-06,0.0,0.0011755124400474326
2023-09-07,0.0,-0.011312263760509977
2023-09-08,0.0,-0.0018040887126115068
2023-09-11,0.0,0.008361356926947838
2023-09-12,0.0,-0.0018200452529433253
2023-09-13,0.0,-0.0044602285133942265
2023-09-14,0.0,0.0011155700470082408
2023-09-15,0.0,-0.0028171617862622345
2023-09-18,0.0,0.002626579548089758
2023-09-19,0.0,-0.00031190697686311886
2023-09-20,0.0,-0.005244552165037719
2023-09-21,0.0,-0.007677811776998333
2023-09-22,0.0,0.01547346079895573
2023-09-25,0.0,-0.005371225935630886
2023-09-26,0.0,-0.004279743882973586
2023-09-27,0.0,0.00162558227467402
2023-09-28,0.0,0.0010166330041747607
2023-10-09,0.0,-0.00435721232287678
2023-10-10,0.0,-0.007002436612869256
2023-10-11,0.0,0.0012096632583646905
2023-10-12,0.0,0.00940091381624164
2023-10-13,0.0,-0.006371502824575104
2023-10-16,-0.01759195402298852,-0.004626147024431537
2023-10-17,-0.002340016029109604,0.0031501591020663966
2023-10-18,-0.016418531831428607,-0.008038278629192375
2023-10-19,-0.011923285580574539,-0.017431204658172827
2023-10-20,-0.016894032183131347,-0.007431307652609798
2023-10-23,0.0024447252045820544,-0.014672187174306628
2023-10-24,0.004890006063240193,0.007809026054242496
2023-10-25,-0.007299315398305306,0.004007097322165087
2023-10-26,0.009803982894379448,0.004769487652457327
2023-10-27,0.03398079301685342,0.009866817209388978
2023-10-30,0.028164551326655296,0.001248929678201005
2023-10-31,0.0,-0.0009207185841187959
2023-11-01,-0.006849344798009138,0.0014264082966213287
2023-11-02,-0.004597721243420949,-0.00452221362538896
2023-11-03,0.004618957924392486,0.007108379527388298
2023-11-06,0.022984136799646393,0.00911080184162727
2023-11-07,-0.006741601825531074,-0.00037306954493687705
2023-11-08,0.006787359500731727,-0.001601755814828243
2023-11-09,-0.008988802434041543,0.00029681824600058526
2023-11-10,-0.0022675834683097973,-0.004686437105813179
2023-11-13,-0.011367955681162778,0.002488672148787119
2023-11-14,0.0,0.0031304436879562303
2023-11-15,0.011494303091769575,0.005485803662874211
2023-11-16,-0.018181896715203316,-0.007129897960677978
2023-11-17,0.006944474995307148,0.0011275265280115132
2023-11-20,0.009191033314909669,0.004568214811191629
2023-11-21,0.0,-0.0001258017826698543
2023-11-22,-0.013667485137050073,-0.007927813286665697
2023-11-23,0.004618957917705613,0.005994524267391554
2023-11-24,-0.002298860618397791,-0.006820699601810087
2023-11-27,-0.009220968931651252,-0.003049025114338466
2023-11-28,0.013953550044069285,0.002261107629382808
2023-11-29,-0.004587175958722045,-0.005551322915004042
2023-11-30,0.004608315111009453,0.0026428945155470007
2023-12-01,-0.004587175958722045,0.000647924710026615
2023-12-04,-0.0015000065686336939,-0.0028769944676735326
2023-12-05,0.0,-0.016744770112547158
2023-12-06,0.0,-0.0011314485502117444
2023-12-07,0.0,-0.0009185118020513805
2023-12-08,0.0,0.001130400248668062
2023-12-11,0.0,0.007368097417832065
2023-12-12,0.0,0.004011113046263004
2023-12-13,0.0,-0.011545768549242608
2023-12-14,0.0,-0.0032926193789261093
2023-12-15,0.0,-0.00555223985513964
2023-12-18,0.0,-0.003994145228112811
2023-12-19,0.0,0.0005414896390207868
2023-12-20,0.0,-0.010326385533170779
2023-12-21,0.0,0.005721699039664241
2023-12-22,0.0,-0.0013499091209659975
2023-12-25,0.0,0.0013853556449467952
2023-12-26,0.0,-0.006829488562645203
2023-12-27,0.0,0.005427960256361164
2023-12-28,0.0,0.013754823108651726
2023-12-29,0.0,0.006847047961487718
2024-01-02,0.0,-0.004255219021592094
2024-01-03,0.0,0.0016781015678484223
2024-01-04,0.0,-0.004346790139142298
2024-01-05,0.0,-0.008518289477647989
2024-01-08,0.0,-0.014217274919320566
2024-01-09,0.0,0.0019785021010980675
2024-01-10,0.0,-0.005374231271327634
2024-01-11,0.0,0.0031094255068799814
2024-01-12,0.0,-0.0016188315175029722
2024-01-15,0.0,0.0014968891146598384
2024-01-16,0.0,0.0026670907403305577
2024-01-17,0.0,-0.020861862294569877
2024-01-18,0.0,0.004294514251230508
2024-01-19,0.0,-0.004745616673647701
2024-01-22,0.0,-0.026811977209872384
2024-01-23,0.0,0.00530993999288909
2024-01-24,0.0,0.017970563440462772
2024-01-25,0.0,0.030253065472856333
2024-01-26,0.0,0.0014156385737766897
2024-01-29,0.0,-0.009231938583400656
2024-01-30,0.0,-0.018322052497159458
2024-01-31,0.0,-0.01483080712531637
2024-02-01,0.0,-0.006386119227640985
2024-02-02,0.0,-0.0146487941849468
2024-02-05,0.000704473913382575,-0.01024375199622607
2024-02-06,-0.0034237118165818536,0.03230755851283296
2024-02-07,-0.0036368289240660268,0.014414842017490104
2024-02-08,0.013306517056254075,0.012795367417559822
2024-02-19,0.015875279294221167,0.015576591391962769
2024-02-20,-0.0014366914894289318,0.004186846170338043
2024-02-21,0.0024328385025038646,0.009657409339898004
2024-02-22,0.013713098411421765,0.012674536658628721
2024-02-23,0.00761487636285052,0.005529123351351917
2024-02-26,-0.02077133258011854,-0.00927124901119214
2024-02-27,0.003457137603234406,0.012918614642418058
2024-02-28,-0.004207674025923591,-0.019111047292289407
2024-02-29,0.004000938127455056,0.019378589598127327
2024-03-01,0.009792672975856842,0.003929793699926298
2024-03-04,-0.0015022763068168743,0.004058777279304371
2024-03-05,0.0,0.002792413794464821
2024-03-06,0.0,-0.002579571512894785
2024-03-07,0.0,-0.0041218040804215095
2024-03-08,0.0,0.006149829507224203
2024-03-11,0.0,0.007365679596877062
2024-03-12,0.0,-0.004080229301065108
2024-03-13,0.0,-0.003959508301060066
2024-03-14,0.0,-0.0018401128839112824
2024-03-15,0.0,0.005398530857070316
2024-03-18,0.0,0.009916075106821243
2024-03-19,0.0,-0.007186558121653586
2024-03-20,0.0,0.005527701194610435
2024-03-21,0.0,-0.0008354747854165678
2024-03-22,0.0,-0.00945009169309019
2024-03-25,0.0,-0.007128529406168149
2024-03-26,0.0,0.0017100055314964724
2024-03-27,0.0,-0.012647943364975878
2024-03-28,0.0,0.0058550571824429465
2024-03-29,0.0,0.010131652020949566
2024-04-01,0.0,0.011907271123223317
2024-04-02,0.0,-0.0007863834776281609
2024-04-03,0.0,-0.0018416505716011278
2024-04-08,0.0,-0.0072469387116784745
2024-04-09,0.0,0.0004870279578332859
2024-04-10,0.0,-0.006954811439060626
2024-04-11,0.0,0.0022828659530576
2024-04-12,0.0,-0.004868425302365087
2024-04-15,0.0,0.01255317979224202
2024-04-16,0.0,-0.01645527638388178
2024-04-17,0.0,0.02138727823913511
2024-04-18,0.0,0.0009259678301063445
2024-04-19,0.0,-0.0029158568419682673
2024-04-22,0.0,-0.006742003372632865
2024-04-23,0.0,-0.007428574243865005
2024-04-24,0.0,0.007559287327703945
2024-04-25,0.0,0.0026530286499506506
2024-04-26,0.0,0.0117055914048938
2024-04-29,0.0,0.007902193719169226
2024-04-30,0.0,-0.0026398607407608354
2024-05-06,0.0,0.011561038061726592
2024-05-07,0.0,0.002234519473241825
2024-05-08,0.0,-0.006118044132008449
2024-05-09,0.0,0.008259602107093755
2024-05-10,0.0,7.196479748405871e-05
2024-05-13,0.0,-0.00206875979340293
2024-05-14,0.0,-0.0007137817695626048
2024-05-15,0.0,-0.008224367039717406
2024-05-16,0.0,0.0008009866976592672
2024-05-17,0.0,0.01012842360734556
2024-05-20,0.0,0.0054276661004062365
2024-05-21,0.0,-0.004155912138990803
2024-05-22,0.0,0.00018176256489144116
2024-05-23,0.0,-0.013345723023928668
2024-05-24,0.0,-0.008829455391772711
2024-05-27,0.0,0.011386684649504542
2024-05-28,0.0,-0.004632138546108444
2024-05-29,0.0,0.00046501576422741664
2024-05-30,0.0,-0.006216614625823458
2024-05-31,0.0,-0.0015735791372840646
2024-06-03,0.0,-0.002696632416670619
2024-06-04,0.0,0.004128648827395498
2024-06-05,0.0,-0.008344981995659362
2024-06-06,0.0,-0.005418210917128907
2024-06-07,0.0,0.0008150763875816036
2024-06-11,0.0,-0.0076145118161924374
2024-06-12,0.0,0.003111908838871136
2024-06-13,0.0,-0.002814515247568039
2024-06-14,0.0,0.0012261800332065143
2024-06-17,0.0,-0.005520615254137273
2024-06-18,0.0,0.004759787406109828
2024-06-19,0.0,-0.0040250857521137995
2024-06-20,0.0,-0.004178858593747226
2024-06-21,0.0,-0.0024285985698585533
2024-06-24,0.0,-0.011686920348563001
2024-06-25,0.0,-0.004422059472194539
2024-06-26,0.0,0.007636959507741681
2024-06-27,0.0,-0.008973179367709472
2024-06-28,0.0,0.00731571036155243
2024-07-01,0.0,0.00920906260457377
2024-07-02,0.0,0.0007616713359801519
2024-07-03,0.0,-0.004883198626898455
2024-07-04,0.0,-0.008318535288642459
2024-07-05,0.0,-0.002581175675817282
2024-07-08,-0.01916784452296827,-0.009316482781134505
2024-07-09,0.015611368198322095,0.012633920169720758
2024-07-10,-0.0011824153553188221,-0.006760893865320083
2024-07-11,0.02486011744629768,0.010554323996619708
2024-07-12,-0.004620396857436981,0.00030568407416264876
2024-07-15,-0.004640639005423441,0.0009140795511721755
2024-07-16,0.005820754779492177,0.0007710126156226238
2024-07-17,-0.00694448359928912,-0.004518691639026184
2024-07-18,0.02214464787506243,0.004819000592334088
2024-07-19,0.01482334345649905,0.001738585410863358
2024-07-22,0.005613931493467339,-0.0060667757767557395
2024-07-23,-0.027933073280649756,-0.016478893575906484
2024-07-24,0.003448290134703713,-0.004602161853268005
2024-07-25,-0.00801836068027817,-0.005241299649339504
2024-07-26,0.033487437167764256,0.0014393388809945673
2024-07-29,0.00781720702259281,0.0003279258998156731
2024-07-30,0.005543259372674747,-0.004338060995661808
2024-07-31,0.014333022706497944,0.02064703226478648
2024-08-01,0.002173921549453839,-0.0021648667511242614
2024-08-02,-0.009761426397343675,-0.009224225861047652
2024-08-05,-0.03176736005224745,-0.015364821580139854
2024-08-06,0.024886979170077206,0.0023022353285806485
2024-08-07,0.006622542869040959,0.0008893433646615101
2024-08-08,-0.03179837112442696,2.3346298078541494e-05
2024-08-09,-0.011325074481522424,-0.002685458487940773
2024-08-12,-0.00916792639466657,-0.0013936861023398084
2024-08-13,0.011560741752247417,0.003408083045127963
2024-08-14,-0.012571480290391346,-0.006029402227238467
2024-08-15,0.0034722366888404466,0.009367674926525682
2024-08-16,-0.012687480590154343,0.0007201050408047749
2024-08-19,-0.003508878221590961,0.004946812389952093
2024-08-20,-0.01641273045938152,-0.009335191179102975
2024-08-21,-0.005959501135590073,-0.003515239506868828
2024-08-22,-0.003597137828326824,-0.0027347349141493282
2024-08-23,0.0012033746472408513,0.001964355167770604
2024-08-26,-0.009905167996702713,0.00040359196851991186
2024-08-27,0.0,-0.002377500420238654
2024-08-28,0.0,-0.0039673805634861115
2024-08-29,0.0,-0.0050478796121417036
2024-08-30,0.0,0.00676843164939589
2024-09-02,0.0,-0.010969969185993689
2024-09-03,0.0,-0.002865848344115296
2024-09-04,0.0,-0.006671830220633113
2024-09-05,0.0,0.0014495678951600421
2024-09-06,0.0,-0.00807190294923743
2024-09-09,0.0,-0.010600522740740859
2024-09-10,0.0,0.002815287331791927
2024-09-11,0.0,-0.008161600937543811
2024-09-12,0.0,-0.0017165142856092608
2024-09-13,0.0,-0.004796617598835207
2024-09-18,0.0,0.0048781660373729
2024-09-19,0.0,0.006896967961723455
2024-09-20,0.0,0.0002894713565897433
2024-09-23,0.0,0.004422660801939982
2024-09-24,0.0,0.04154652848866358
2024-09-25,0.0,0.011588732036242888
2024-09-26,0.0,0.03613119608218196
2024-09-27,0.0,0.028849502141486294
2024-09-30,0.09738713173474012,0.08063665150999388
2024-10-08,0.04052008217883252,0.04593979853720853
2024-10-09,-0.08678983947770513,-0.06616959546102552
2024-10-10,0.008629036300364712,0.013215672484041985
2024-10-11,-0.028173466204140074,-0.025496634388535666
2024-10-14,0.0,0.020693108015630735
2024-10-15,0.0,-0.02528100920646348
2024-10-16,0.0,0.0005172911437008043
2024-10-17,0.0,-0.010479096132687826
2024-10-18,0.0,0.029084200589136744
2024-10-21,0.0,0.002007319803419394
2024-10-22,0.0,0.005433415643904427
2024-10-23,0.0,0.005154195224578162
2024-10-24,0.0,-0.006824506335981861
2024-10-25,0.0,0.005925439515063191
2024-10-28,0.0,0.0068181955935386895
2024-10-29,0.0,-0.010773289250068707
2024-10-30,0.0,-0.006137097444108508
2024-10-31,0.0,0.004159525423438337
2024-11-01,0.0,-0.0023812253340422807
2024-11-04,0.0,0.011672627317609097
2024-11-05,0.0,0.023194924063661304
2024-11-06,0.0,-0.0009391828194204033
2024-11-07,0.0,0.025667842660010765
2024-11-08,0.0,-0.005291211097828485
2024-11-11,0.0,0.0051470079196545004
2024-11-12,0.0,-0.013860255107539632
2024-11-13,0.0,0.005057905241717453
2024-11-14,0.0,-0.01728240636552225
2024-11-15,0.0,-0.014531165537766677
2024-11-18,-0.014657894736842092,-0.0020647150200886477
2024-11-19,0.010682904681782901,0.006667270384424828
2024-11-20,0.021139973046534255,0.006568719161030634
2024-11-21,-0.005175581605982971,0.0007170450972375786
2024-11-22,-0.03641755326067164,-0.030623035102023466
2024-11-25,-0.0080921735595878,-0.0010504433164625349
2024-11-26,0.005434815046132524,-0.001226499497512079
2024-11-27,0.01621631247934152,0.01534531561708441
2024-11-28,-0.007978770011956127,-0.004254362602457817
2024-11-29,0.010723923737065322,0.009332772602343997
2024-12-02,0.010605762017528164,0.011281075114175643
2024-12-03,-0.005249366258517685,0.004406682318752075
2024-12-04,-0.013192668796735751,-0.004189645691407118
2024-12-05,-0.002673808428368396,0.0012497585187167815
2024-12-06,0.024128791621721213,0.010454887491447185
2024-12-09,-0.001500006391595532,-0.00045298636105628454
2024-12-10,0.0,0.005915297246111173
2024-12-11,0.0,0.002871742191236537
2024-12-12,0.0,0.0084515905363165
2024-12-13,0.0,-0.020113245702730098
2024-12-16,0.0,-0.001635377215807865
2024-12-17,0.0,-0.007337144537849505
2024-12-18,0.0,0.006164834886962289
2024-12-19,0.0,-0.00359971947319615
2024-12-20,0.0,-0.0005827836107241691
2024-12-23,0.0,-0.004991584198542398
2024-12-24,0.0,0.012613476077782293
2024-12-25,0.0,-5.2452786598489176e-05
2024-12-26,0.0,0.0013930186983364123
2024-12-27,0.0,0.0006076966472505774
2024-12-30,0.0,0.0021128529337892665
2024-12-31,0.0,-0.01630692220233687
2025-01-02,0.0,-0.026613456858375795
2025-01-03,0.0,-0.015672044139558028
2025-01-06,0.0016249999999999876,-0.0014034246426045671
2025-01-07,0.0046798951703483915,0.007084984578675568
2025-01-08,-0.0139742873113472,0.00016224698449729402
2025-01-09,-0.003149407911312685,-0.005812391182130505
2025-01-10,-0.01737646910147872,-0.01334903576111679
2025-01-13,0.0032043448104326355,-0.00245193029940749
2025-01-14,0.025600151273673655,0.025368938750393477
2025-01-15,-0.007800356954986709,-0.0042651206131554265
2025-01-16,0.0015723361744108821,0.002762527667884429
2025-01-17,0.014128810330115371,0.0017889192690305755
2025-01-20,-0.001500008575551548,0.0007887542217785981
2025-01-21,0.0,-0.0005409357356016553
2025-01-22,0.0,-0.008943068620681616
2025-01-23,0.0,0.005146837340024968
2025-01-24,0.0,0.006953826493020232
2025-01-27,0.0,-0.0006225738833792738
2025-02-05,0.0,-0.006495106597210865
2025-02-06,0.0,0.01274846043707245
2025-02-07,0.0,0.010092155739867659
2025-02-10,0.008147403641164397,0.0056007460800377995
2025-02-11,-0.009845314433998054,-0.001238046216780142
2025-02-12,0.012032971151377359,0.008537526630796322
2025-02-13,0.010458421490401992,-0.004154333706372748
2025-02-14,0.018879080979383067,0.004273390141825262
2025-02-17,0.006776442014331252,0.0027208697221521305
2025-02-18,-0.006708867095957638,-0.009338673293939115
2025-02-19,0.019669933842416887,0.008135982320301105
2025-02-20,-0.02124061966966584,-0.00022556801517181757
2025-02-21,0.05481802293277527,0.00845474028010762
2025-02-24,-0.009910671491150325,-0.0018007684265072266
2025-02-25,-0.023533409672526262,-0.008001119468916351
2025-02-26,0.005036533727289516,0.010213267026096595
2025-02-27,-0.018945065915239923,0.0023217464929734533
2025-02-28,-0.05404873319422643,-0.01982401738811146
2025-03-03,-0.009769309955019234,-0.0011960623891676958
2025-03-04,0.0,0.002196311342583801
2025-03-05,0.0,0.0053411186417224865
2025-03-06,0.0,0.011709578047645497
2025-03-07,0.0,-0.0025293558483073797
2025-03-10,0.0,-0.001892635415499111
2025-03-11,0.0,0.004059518211090962
2025-03-12,0.0,-0.002338580543151947
2025-03-13,0.0,-0.003913196145583275
2025-03-14,0.0,0.018111910785300056
2025-03-17,0.0,0.0019204213873003084
2025-03-18,0.0,0.0010595047647068423
2025-03-19,0.0,-0.0009709136997673173
2025-03-20,0.0,-0.005101812995395583
2025-03-21,0.0,-0.012941529175569788
2025-03-24,0.0,0.0015445055041396483
2025-03-25,0.0,-1.5430138859295894e-05
2025-03-26,0.0,-0.0003795279254215078
2025-03-27,0.0,0.0014996896426127115
2025-03-28,0.0,-0.006651947136553593
2025-03-31,0.0,-0.004643263061247183
2025-04-01,0.0,0.0038039467033761376
2025-04-02,0.0,0.0005053106899193249
2025-04-03,0.0,-0.00242349021395305
2025-04-07,0.0,-0.07343848369004502
2025-04-08,0.0,0.015815210090112553
2025-04-09,0.0,0.013117265062474015
2025-04-10,0.0,0.011556383970177109
2025-04-11,0.0,0.0045256322204911825
2025-04-14,0.0,0.007590882294539636
2025-04-15,0.0,0.0014876756462531837
2025-04-16,0.0,0.0025528956177229833
2025-04-17,0.0,0.0013238689574250895
2025-04-18,0.0,-0.0011008001911996246
2025-04-21,0.0,0.004487400548717879
2025-04-22,0.0,0.0025286850655368287
2025-04-23,0.0,-0.0010309850088963124
2025-04-24,0.0,0.00028303990316569383
2025-04-25,0.0,-0.0006757068233044228
2025-04-28,0.0,-0.0020166552354130562
2025-04-29,0.0,-0.000535212252711248
2025-04-30,0.0,-0.002319683690560903
2025-05-06,0.0,0.011309133704438867
2025-05-07,0.0,0.008006660808404176
2025-05-08,0.0,0.002791485237078728
2025-05-09,0.0,-0.0029824021269715395
2025-05-12,0.0,0.008152605671037039
2025-05-13,0.0,0.0016698102987464658
2025-05-14,0.0,0.008615736720010814
2025-05-15,0.0,-0.006794169593660082
2025-05-16,0.0,-0.003951407069466173
2025-05-19,0.0,3.5932105544089765e-05
2025-05-20,0.0,0.0038291558069987186
2025-05-21,0.0,0.002099111427437128
2025-05-22,0.0,-0.002180026178025929
2025-05-23,0.0,-0.009412787273137657
2025-05-26,0.0,-0.00045783443416691494
2025-05-27,0.0,-0.0018381523580907055
2025-05-28,0.0,-0.00022600141827122666
2025-05-29,0.0,0.007040263095176913
2025-05-30,0.0,-0.004744836099643046
2025-06-03,0.0,0.0043283215140192954
2025-06-04,0.0,0.004231737525788315
2025-06-05,0.0,0.002338721931116172
2025-06-06,0.0,0.00037203403328311957
2025-06-09,0.0,0.004257747629645037
2025-06-10,0.0,-0.00439911852912489
2025-06-11,0.0,0.005170148096676375
2025-06-12,0.0,0.00010051976359637393
2025-06-13,0.0,-0.007541751183927303
2025-06-16,0.0,0.0034743896646605155
2025-06-17,0.0,-0.0003907069582724798
2025-06-18,0.0,0.0004144765683467
2025-06-19,0.0,-0.007879169348287363
2025-06-20,0.0,-0.0006582179989459425
2025-06-23,0.0,0.006454665994026554
2025-06-24,0.0,0.011528332005552366
2025-06-25,0.0,0.01035150323075218
2025-06-26,0.0,-0.002176231649891003
2025-06-27,0.0,-0.007025179116548985
2025-06-30,0.0,0.005898849579773824
2025-07-01,0.0,0.003867407806119161
2025-07-02,0.0,-0.0008546027225241337
2025-07-03,0.0,0.0018406317949097861
2025-07-04,0.0,0.0032266722832954287
2025-07-07,0.00029211469534029533,0.00023269751425480933
2025-07-08,0.006270569708131779,0.007010397258723877
2025-07-09,-0.008011921739548233,-0.0012651984646065983
2025-07-10,-0.00269221035854883,0.004761454888993821
2025-07-11,0.013497389604850474,0.00014103841886536905
2025-07-14,-0.004438402340863679,0.002698724309343925
2025-07-15,-0.003561908473687647,-0.004162629806941043
2025-07-16,-0.0008936602544548089,-0.00034864489262331766
2025-07-17,0.024150409131050488,0.0037242666984798056
2025-07-18,0.008733674170039452,0.005020720388213773
2025-07-21,0.011251213941374294,0.007160311706125189
2025-07-22,0.0,0.006199802179397418
2025-07-23,-0.012842519057550295,0.00012200361767233936
2025-07-24,0.018213433041509353,0.006540215247307746
2025-07-25,0.0,-0.00334800721186046
2025-07-28,0.015328069635651476,0.0011915445416990078
2025-07-29,0.010906084608714783,0.0032724308402287683
2025-07-30,-0.014107940556494003,0.001663845111146145
2025-07-31,-0.001683508551093893,-0.011756727642124765
2025-08-01,-0.016020301550042304,-0.0037098316134966947
2025-08-04,0.0274165841763494,0.00656104351968767
2025-08-05,0.005004190368339323,0.009569088236599077
2025-08-06,0.034854911963636326,0.0045325655310513024
2025-08-07,-0.00721734962084819,0.0015608166769631726
2025-08-08,-0.0032310304187668226,-0.001247092110349901
2025-08-11,0.005668682102730083,0.003416385887924811
2025-08-12,-0.00564063443684415,0.0050365355127708344
2025-08-13,0.012966015264998632,0.004786522775468427
2025-08-14,-0.01680006513432597,-0.004621192274122277
2025-08-15,0.011391420021213072,0.0082717773056884
2025-08-18,0.021717742313655197,0.008454946221986503
2025-08-19,-0.017322900749642045,-0.00019822817806824933
2025-08-20,0.0072115664659007095,0.010442445016322743
2025-08-21,-0.006364384123898947,0.0012981219847008063
2025-08-22,0.02401930857075585,0.014494448435323548
2025-08-25,0.01954273156959374,0.015108897345598393
2025-08-26,-0.006901866141617585,-0.003908782710305592
2025-08-27,-0.01776068422702959,-0.017586680943092015
2025-08-28,0.021226495967330727,0.011379741339613503
2025-08-29,0.009237909753571971,0.003728278484971259
2025-09-01,-0.0030548027005379286,0.004562813137729105
2025-09-02,-0.025248754677934082,-0.004488934416712054
2025-09-03,-0.05651512864328989,-0.011553774843946485
2025-09-04,-0.03140528469276227,-0.012503025390731004
2025-09-05,0.0,0.01238436953314448
2025-09-08,0.0,0.003757887839887397
2025-09-09,0.0,-0.005108390967903054
2025-09-10,0.0,0.00129462095368571
2025-09-11,0.0,0.016548883183844953
2025-09-12,0.0,-0.0012156449975990746
2025-09-15,0.0,-0.0026078657613112233
2025-09-16,0.0,0.0003525446418393141
2025-09-17,0.0,0.0037484479649083635
2025-09-18,0.0,-0.011527623601741865
2025-09-19,0.0,-0.0030187991823902305
2025-09-22,0.0,0.0022216759871303005
2025-09-23,0.0,-0.0017612292403234031
2025-09-24,0.0,0.00832296963263457
2025-09-25,0.0,-8.822822670084829e-05
2025-09-26,0.0,-0.006538807495493626
2025-09-29,0.0,0.008992958920155392
2025-09-30,0.0,0.005241380524484862
2025-10-09,0.0,0.013185150731036321
2025-10-10,0.0,-0.009391017526307
2025-10-13,-0.026671624713958786,-0.0019312152748195421
2025-10-14,-0.023510354547901846,-0.006240644689217367
2025-10-15,0.014445839538022032,0.012154777892849244
2025-10-16,0.0047467096402111775,0.0010270409819514992
2025-10-17,-0.02125928174335545,-0.01952720832392807
2025-10-20,-0.0024156064279422518,0.006286338581498185
2025-10-21,0.012077366936288136,0.013571545588865641
2025-10-22,-0.007159946856344468,-0.0006572476490755985
2025-10-23,0.0,0.0022106629996030414
2025-10-24,0.0024038604652965034,0.0071134838020501245
2025-10-27,0.014384118421878922,0.011804890347901775
2025-10-28,-0.016548534661131042,-0.0021819164386799317
2025-10-29,0.009615426743390776,0.0070474978336221294
2025-10-30,-0.026190589846291634,-0.007327583309244323
2025-10-31,0.00977999468262869,-0.0080541252466515
2025-11-03,-0.009689641578820685,0.005494855605481019
2025-11-04,-0.017114990667566388,-0.004107862123700734
2025-11-05,0.0,0.0022882763587366295
2025-11-06,0.004975146926812668,0.009702593539128834
2025-11-07,-0.00742577606325856,-0.0025460606423538534
2025-11-10,0.00997051875392252,0.005263465977712434
2025-11-11,-0.0024691469104578534,-0.003941425328292558
2025-11-12,0.0024752586877994087,-0.0006540490331914395
2025-11-13,0.014814881462748009,0.00733999310024136
2025-11-14,-0.007299302431096555,-0.00968085130143903
2025-11-17,-0.017161328401501752,-0.0046252442054764975
2025-11-18,-0.004987553833571856,-0.008112214519761074
2025-11-19,-0.0025062771087877023,0.0017587129135316903
2025-11-20,-0.01005029726512352,-0.0039756842479190535
2025-11-21,-0.019239936687640014,-0.024461651604112844
2025-11-24,0.0,0.0004889317584255704
2025-11-25,0.0,0.008667977145335293
2025-11-26,0.0,-0.0015087765628266636
2025-11-27,0.0,0.002866064348902464
2025-11-28,0.0,0.003441576421085779
2025-12-01,0.0,0.006534492140608084
2025-12-02,0.0,-0.0041629982171721425
2025-12-03,0.0,-0.005057325938909618
2025-12-04,0.0,-0.0005691077875192851
2025-12-05,0.0,0.006970186488287622
2025-12-08,0.0,0.005449922209855185
2025-12-09,0.0,-0.003709406387946479
2025-12-10,0.0,-0.0023087221404560765
2025-12-11,0.0,-0.0069678317834448444
2025-12-12,0.0,0.004138054247030398
2025-12-15,0.0,-0.005508638213211348
2025-12-16,0.0,-0.011145263825191876
2025-12-17,0.0,0.01188712020355509
2025-12-18,0.0,0.0015743055150045926
2025-12-19,0.0,0.0036314893491875555
2025-12-22,0.0,0.006918483424017019
2025-12-23,0.0,0.0006675407238132536
2025-12-24,0.0,0.005349008247238052
2025-12-25,0.0,0.004738454995715458
2025-12-26,0.0,0.0010248455597137163
2025-12-29,0.0,0.00040391767345449026
2025-12-30,0.0,-4.13589960859273e-05
2025-12-31,0.0,0.00093919068193693
2026-01-05,0.0,0.013751373197206096
2026-01-06,0.0,0.014974833580511326
2026-01-07,0.0,0.0005154680829753122
2026-01-08,0.0,-0.0006835917422702842
2026-01-09,0.0,0.009171489738252436
2026-01-12,-0.006211425206124832,0.010887466490115294
2026-01-13,-0.0011852181957068275,-0.006368828846607721
2026-01-14,-0.004746498419119449,-0.0030603376519386938
2026-01-15,0.009538270222772205,-0.0032699214486925365
2026-01-16,-0.01535324570566754,-0.0025988419494135107
2026-01-19,0.014364933355433429,0.0029466739055656888
2026-01-20,0.0011806449050417722,-8.531842489067909e-05
2026-01-21,-0.004717010505746577,0.00080001964192844
2026-01-22,0.007109049218469332,0.0013689779302104021
2026-01-23,0.0058823894856818715,0.003295997454018984
2026-01-26,0.012860806422940074,-0.0008604591113892113
2026-01-27,-0.023094795175369276,0.0017661983180103924
2026-01-28,0.015366503105779694,0.0027377446433538566
2026-01-29,0.012805647680043553,0.0016252982845115227
2026-01-30,-0.004597722343912647,-0.009628942865354095
2026-02-02,-0.04388453724801489,-0.02481867182392794
2026-02-03,0.01570055911542645,0.01294703400065611
2026-02-04,0.009512530485347392,0.00847252207492244
2026-02-05,-0.0129564805015987,-0.0064075342949957426
2026-02-06,0.0011933231316694215,-0.0025353803818870535
2026-02-09,0.02609102960999521,0.0141448348244273
2026-02-10,0.017051179572412423,0.0012813205629758073
2026-02-11,-0.010764048964938655,0.0008749209434322225
2026-02-12,0.006613626217465196,0.0004920153388745518
2026-02-13,-0.009475918565763464,-0.012565257335599322
2026-02-24,-0.005080507408626311,0.008656386105784897
2026-02-25,0.0,0.0
