#{"t_start": 1700553659.4535732, "env_id": "LunarLanderContinuous-v2"}
r,l,t
-247.898945,103,0.746619
-752.823309,86,1.72858
-975.790504,89,2.387912
-785.838043,77,3.320532
-849.858185,81,4.143835
-683.702379,81,5.018438
-423.91274,49,5.888759
-580.540277,71,6.477177
-430.216527,57,7.22401
-494.584481,66,7.83765
-489.815648,73,8.585021
-702.792691,73,9.338194
-467.104277,67,10.074804
-518.352299,70,10.706522
-581.762497,74,11.198221
-636.560455,77,11.74134
-378.135461,54,12.285258
-596.721901,75,12.70098
-704.041311,81,13.337287
-686.906947,71,13.898336
-736.642214,81,14.417865
-739.803935,82,14.955098
-451.641488,72,15.513866
-370.78068,56,16.026748
-564.861705,68,16.44398
-362.264715,50,16.930023
-499.730995,67,17.310592
-750.28454,80,17.800812
-378.810609,54,18.323143
-409.080788,58,18.690039
-527.779306,59,19.106314
-502.043334,60,19.497782
-435.000733,56,19.91944
-515.630141,59,20.325953
-788.30439,80,20.735381
-586.80517,66,21.312651
-804.87406,78,21.76758
-543.160067,59,22.273708
-422.2851,52,22.662635
-340.8371,52,23.017741
-416.219578,60,23.387956
-716.33846,79,23.898621
-538.07401,75,24.456727
-802.438919,86,25.060975
-431.267414,59,25.720359
-426.082632,55,26.130754
-712.286743,73,26.536362
-540.17434,71,27.027898
-432.988086,51,27.502544
-519.94689,57,27.890507
-360.260489,55,28.341598
-538.717174,59,28.742313
-614.61077,74,29.167307
-484.962775,70,29.69824
-630.180383,68,30.20183
-390.931905,49,30.693903
-453.55641,95,31.093329
-418.913774,57,31.92309
-1001.153557,90,32.331881
-520.849499,59,32.943407
-628.437497,72,33.351293
-391.519932,54,33.841347
-544.013078,63,34.238655
-747.156371,85,34.67058
-645.52496,67,35.299697
-452.811282,54,35.767362
-401.204407,58,36.137645
-482.23797,55,36.540626
-469.824173,57,36.92984
-390.198593,47,37.310539
-770.597482,83,37.669985
-502.932585,58,38.245496
-957.048053,85,38.714144
-460.193444,60,39.326976
-739.599068,84,39.765233
-601.673323,66,40.31141
-544.180734,67,40.774303
-353.980344,52,41.211406
-418.645204,54,41.574819
-804.553113,78,41.961932
-719.278115,74,42.487163
-374.96676,50,43.036674
-663.910076,71,43.436508
-611.844135,70,43.999338
-811.787294,86,44.497481
-395.787167,57,45.108042
-825.758557,78,45.538491
-731.83616,77,46.110805
-426.890667,53,46.652219
-359.323949,51,47.044998
-360.675198,57,47.414319
-533.133861,63,47.83091
-390.991746,50,48.320394
-348.653464,90,48.710189
-913.652161,87,49.400417
-754.872294,82,49.979744
-514.34581,65,50.591027
-466.199538,59,51.065871
-466.797686,55,51.467057
-458.25407,70,51.859011
-776.727309,85,52.368109
-895.511758,84,53.064284
-547.960292,68,53.640847
-668.782359,86,54.131793
-1194.916579,97,54.747997
-722.83932,83,55.404505
-1296.790422,98,55.986642
-741.521027,57,56.646348
-1235.896375,106,57.093162
-1223.059256,112,57.920089
-1465.637797,117,58.849166
-818.52049,71,59.639465
-877.746318,75,60.139904
-1311.384806,102,60.719356
-862.692378,74,61.464145
-754.164787,60,62.000715
-809.843155,64,62.510167
-851.634736,68,62.996071
-727.260754,61,63.486867
-708.680812,59,63.92923
-1309.540451,100,64.353647
-1580.302476,122,65.078851
-1906.56628,139,65.979677
-1282.114783,102,66.976997
-1248.562768,99,67.798599
-759.554135,58,68.430814
-870.37378,74,68.847319
-691.31307,56,69.314111
-1273.874991,101,69.726768
-738.771522,61,70.387963
-783.151699,63,70.79813
-1129.080624,91,71.253797
-1274.472808,98,71.90541
-830.334167,66,72.622704
-1404.80985,113,73.124385
-714.894888,56,73.862083
-942.857339,81,74.282555
-772.082826,55,74.871661
-1127.635495,115,75.310114
-1554.574355,124,76.136351
-724.864084,57,77.035454
-769.590067,64,77.431528
-881.241404,73,77.898052
-861.172599,74,78.421392
-1169.456618,103,78.982674
-933.598478,79,79.707443
-1840.209315,133,80.315787
-1325.976745,102,81.314033
-795.320043,69,82.021518
-738.996061,56,82.513714
-858.903885,72,82.958311
-768.810329,62,83.487996
-1438.795235,110,83.983984
-1751.008783,127,84.858645
-1722.211827,125,85.759026
-2031.21359,136,86.651887
-995.751219,85,87.607452
-1520.425256,114,88.276741
-1040.037829,87,89.112369
-776.046873,58,89.807022
-1037.81898,85,90.265258
-1668.872401,124,90.922031
-905.718552,91,91.797171
-840.796948,70,92.431215
-1019.754718,89,92.94925
-863.509393,75,93.58755
-1329.359105,103,94.16027
-717.882532,56,94.935661
-742.530497,57,95.344033
-1584.942455,120,95.782795
-981.875357,83,96.598157
-821.195851,69,97.227583
-1028.351641,84,97.73636
-746.513143,55,98.374269
-1093.698118,88,98.799464
-1273.67668,95,99.499663
-1198.978305,105,100.150227
-925.883529,79,100.866317
-761.738376,58,101.42571
-985.416188,84,101.910745
-763.313798,63,102.488581
-1128.981843,91,102.956856
-1241.462316,95,103.643368
-1025.761637,85,104.322945
-850.806722,77,105.005442
-1237.270382,104,105.604124
-737.329715,61,106.298141
-1344.50458,110,106.750925
-899.912144,76,107.489281
-855.617106,78,108.070263
-1215.039996,99,108.669186
-796.817844,60,109.425138
-1214.021657,102,109.930096
-2045.726419,143,110.702764
-792.259119,63,111.757968
-1783.327149,127,112.317623
-1940.532703,133,113.352117
-729.200057,59,114.343602
-1256.028389,107,114.871258
-1268.941831,108,115.738828
-736.1629,62,116.586599
-1198.972185,93,117.068574
-783.965413,68,117.735783
-1086.430463,88,118.261626
-818.255072,67,118.898321
-771.243132,58,119.407476
-997.899887,92,119.905617
-1957.254024,133,120.590333
-1174.293436,133,121.495468
-1144.608627,90,122.382397
-765.954118,65,123.021265
-828.383397,72,123.520686
-760.817276,60,124.070267
-2087.26782,142,124.664721
-1483.656837,111,125.715137
-735.871396,57,126.507161
-826.429215,69,126.926396
-1825.037435,130,127.485357
-785.418668,61,128.408018
-945.9751,93,128.893512
-1425.782828,109,129.55992
-1185.956484,93,130.325698
-765.40295,55,130.954483
-1112.716168,113,131.359669
-724.123598,60,132.125517
-839.885925,74,132.548392
-1109.359223,100,133.064675
-1081.993194,90,133.73176
-949.058533,80,134.360421
-976.874497,82,134.950018
-966.791491,92,135.667048
-758.289697,60,136.314883
-1318.701891,98,136.78446
-1386.741632,110,137.505549
-1684.828461,128,138.330454
-897.45848,76,139.275394
-1271.921714,102,139.864563
-766.745137,59,140.574375
-822.915071,68,141.052632
-799.039947,83,141.573931
-1092.737731,90,142.202731
-820.657486,67,142.832331
-754.643707,63,143.293778
-1264.073826,105,143.799365
-1038.96127,98,144.57038
-2017.224299,138,145.365968
-713.289894,56,146.466913
-814.747157,62,146.883157
-1168.72641,93,147.367566
-1036.034967,90,148.034356
-1009.28576,84,148.672061
-1027.391492,85,149.2559
-758.916029,58,149.833276
-937.576774,86,150.26247
-1416.917532,106,150.956014
-892.182988,75,151.669042
-790.118495,61,152.192687
-1057.026745,90,152.621724
-960.407842,94,153.23573
-982.357726,95,153.879742
-713.894463,59,154.485431
-1433.495218,109,154.946871
-840.376897,74,155.636258
-1191.924626,102,156.175431
-1885.643474,133,156.987134
-819.657596,70,157.851029
-1330.811971,101,158.38035
-989.801004,82,159.060251
-813.615715,67,159.676833
-1142.382125,89,160.122403
-746.147886,56,160.763156
-745.617331,80,161.170965
-793.888668,67,161.707193
-1281.274122,97,162.184231
-1278.062959,102,162.878759
-1278.22948,110,163.620795
-841.383881,69,164.323766
-2011.326157,140,164.82943
-1019.585065,86,165.719931
-1057.303555,88,166.33795
-1108.110279,90,166.933968
-835.594401,64,167.625352
-1441.357115,108,168.107076
-1390.675625,104,168.908945
-1275.464656,110,169.661975
-1324.763944,104,170.476748
-1163.669004,110,171.206243
-1640.125109,121,172.090605
-990.202707,86,172.920568
-1973.954029,135,173.526822
-907.217469,85,174.454343
-1057.804952,87,175.027763
-988.985892,85,175.615229
-789.329755,82,176.255068
-760.771388,61,176.825939
-1536.909986,116,177.294195
-970.287191,84,178.096793
-1501.163065,118,178.787576
-786.321421,69,179.64444
-2507.569886,227,180.283814
-841.996487,68,181.873478
-871.493063,75,182.365005
-1205.390158,105,182.973701
-849.680601,72,183.685968
-1171.289729,93,184.210021
-703.929493,54,184.829292
-1794.474644,125,185.224369
-812.125808,68,186.116437
-1632.479145,123,186.614372
-846.985569,69,187.40024
-738.966365,60,187.850402
-1606.785667,118,188.296244
-1926.910504,131,189.162988
-738.339813,59,190.009465
-1197.730782,93,190.509868
-963.52172,81,191.179679
-1799.095407,128,191.754243
-1072.925225,98,192.643548
-795.819748,63,193.275101
-762.081839,63,193.720075
-751.869535,71,194.166462
-743.187156,59,194.722868
-1521.999955,119,195.164304
-1226.788699,103,195.941881
-1101.373594,89,196.63381
-1788.772497,130,197.307591
-888.560059,79,198.169526
-1255.445711,106,198.707776
-1262.181933,96,199.471062
-1288.078658,97,200.130949
-699.430413,59,200.821343
-711.944902,58,201.196548
-805.617811,70,201.61157
-869.084966,73,202.113496
-773.559919,80,202.63047
-696.525419,59,203.188603
-1299.098037,109,203.705215
-874.500345,75,204.490946
-1408.257639,109,205.051895
-816.830223,66,205.817693
-1270.190576,101,206.288003
-1066.104916,88,206.936182
-756.331425,60,207.488301
-768.71369,60,207.886355
-1368.408666,103,208.347633
-1606.255204,122,209.056616
-2324.369657,152,209.909783
-800.532689,69,210.87559
-1633.983165,119,211.372761
-741.090077,58,212.210841
-769.797408,60,212.621522
-974.742386,83,213.040662
-778.895967,63,213.576077
-797.859845,67,214.011214
-1054.720283,96,214.513505
-1334.094887,100,215.222203
-1318.335262,99,215.9265
-786.507776,87,216.697588
-767.620391,80,217.309722
-1089.736034,93,217.862648
-1053.674861,89,218.546191
-802.628664,64,219.128436
-738.317561,59,219.561904
-814.510147,89,219.962523
-747.579608,59,220.544963
-735.384352,58,221.009581
-698.241393,55,221.386905
-706.964523,59,221.737324
-1222.600034,106,222.157615
-772.539438,59,222.876559
-844.54382,81,223.341649
-825.89661,70,223.915168
-843.875822,70,224.425013
-1325.867638,100,224.977982
-749.528021,57,225.696298
-1368.700258,104,226.14678
-777.743508,60,226.848813
-1777.259575,137,227.372478
-837.940573,71,228.285026
-1315.199428,99,228.79577
-1219.8746,94,229.477055
-828.927006,68,230.156135
-735.820082,56,230.613567
-698.170161,57,230.973385
-968.077052,82,231.353708
-1832.338721,127,231.917837
-769.978744,64,232.714954
-1622.23408,121,233.229885
-1281.781709,111,234.032034
-1215.574103,96,234.824589
-766.645933,61,235.499183
-1413.120364,106,235.947341
-810.264038,84,236.670139
-760.362919,58,237.253432
-764.834308,57,237.663765
-733.000976,54,238.081294
-1261.257752,102,238.537446
-1190.491174,102,239.237867
-769.970729,58,239.863016
-1848.618019,131,240.271078
-1081.398762,89,241.138412
-722.585205,56,241.780573
-1288.674792,111,242.219823
-1782.801377,129,243.105722
-1282.33386,99,244.073792
-1028.508355,96,244.794195
-839.072742,80,245.502658
-736.02023,57,246.097446
-1201.247919,93,246.571009
-1122.703778,103,247.287952
-745.887596,63,248.145474
-1433.363858,114,248.684761
-898.879697,87,249.490505
-765.899584,64,250.197347
-850.343005,74,250.698154
-1537.978262,118,251.311557
-751.801908,58,252.165614
-966.041119,89,252.63527
-711.239256,58,253.335337
-1113.832717,99,253.773917
-1375.656442,104,254.466597
-734.046578,56,255.140951
-945.976059,93,255.559455
-1536.189656,116,256.229691
-1309.967828,101,257.077128
-983.977775,97,257.856645
-744.433442,56,258.574362
-1133.473415,99,259.111093
-813.408992,86,259.963309
-1435.896053,118,260.711151
-1084.071888,91,261.605478
-768.691235,64,262.361879
-1454.548558,111,262.852198
-741.930955,56,263.62495
-794.201416,60,264.013647
-1155.905303,92,264.445933
-1059.478637,95,265.100069
-1130.541728,110,265.781917
-1210.48946,98,266.529791
-807.40478,65,267.288459
-1423.940524,106,267.792967
-747.494852,61,268.502202
-818.757321,80,268.951719
-1356.668085,105,269.526736
-942.285555,81,270.256463
-916.643422,93,270.83393
-776.175878,62,271.457055
-1625.626652,132,272.017427
-1134.261275,97,272.951002
-741.960372,59,273.637571
-1590.618339,118,274.135584
-779.50914,64,274.923294
-2236.025987,147,275.48221
-1641.196957,126,276.53139
-1508.037265,115,277.530694
-1217.308113,99,278.429582
-751.839584,58,279.180001
-765.958431,56,279.633767
-1851.512453,130,280.092748
-744.637238,62,280.968873
-776.664158,67,281.421502
-703.701468,59,281.949723
-878.491032,83,282.401347
-786.992243,69,283.032268
-727.4117,58,283.501424
-767.343299,64,283.940575
-704.144105,56,284.385466
-1172.927615,99,284.799531
-745.353934,56,285.495115
-1183.466981,98,285.919082
-1443.415422,115,286.706592
-754.359935,59,287.497835
-781.699078,68,287.89608
-767.527256,60,288.406619
-789.548054,63,288.893704
-1774.476275,130,289.42289
-1291.7179,99,290.424157
-1016.169076,85,291.272523
-1601.398783,120,291.970698
-1601.1917,118,292.91975
-1137.591152,116,293.808437
-1083.364372,87,294.727675
-759.326474,58,295.339012
-903.612891,75,295.758926
-1132.213429,90,296.355104
-829.000627,68,296.952781
-751.397472,60,297.444538
-1206.516386,98,297.910095
-877.787958,79,298.679322
-1314.442529,99,299.274843
-831.774677,79,299.990022
-1121.559494,151,300.680379
-806.939555,65,301.804879
-747.393102,61,302.259157
-1099.23998,95,302.764365
-1100.670755,93,303.490866
-702.304597,58,304.181265
-900.054217,78,304.642969
-1169.671085,93,305.246243
-860.654007,80,305.99891
-798.578108,61,306.560909
-813.667389,68,307.008464
-1180.180308,102,307.560937
-1275.282309,97,308.348833
-1252.374608,103,309.063928
-2251.436381,159,309.872998
-1279.978794,98,311.135548
-1271.046133,100,311.88308
-775.861782,60,312.549577
-784.049781,69,312.971046
-1419.544267,115,313.500776
-1897.800794,132,314.315823
-1630.571596,121,315.339961
-1152.097505,103,316.347498
-733.29626,59,317.130719
-1228.279015,98,317.57303
-1456.971111,116,318.323891
-884.748924,75,319.139588
-1511.498493,122,319.732107
-730.777785,56,320.590333
-1570.759917,117,321.133057
-808.756639,64,321.95368
-1322.976248,99,322.462928
-805.877351,64,323.178072
-914.86388,80,323.751442
-735.485723,58,324.385823
-1891.726284,133,324.937929
-733.962892,59,326.036531
-1685.872103,127,326.524195
-1114.291551,88,327.465971
-1698.918837,127,328.225067
-945.11707,81,329.200377
-1313.773874,99,329.81431
-920.941912,77,330.506462
-941.331672,87,331.067472
-1334.883274,101,331.767833
-774.448942,64,332.392229
-2081.35415,142,332.926297
-1207.346739,101,334.109234
-1057.651375,88,334.881837
-1461.271472,117,335.575302
-1131.085322,92,336.374576
-868.905654,89,337.036071
-688.722972,57,337.636204
-1295.739625,98,338.131469
-1120.255936,89,338.855754
-1607.625876,117,339.528589
-1142.703996,90,340.254452
-1215.842279,102,340.894023
-1338.570557,100,341.700835
-1354.122412,105,342.374431
-969.356169,91,343.126355
-860.298651,82,343.731383
-857.975237,78,344.301147
-803.429532,65,344.9041
-870.884469,89,345.355682
-1707.719782,126,346.021907
-1967.780763,134,346.928542
-997.469065,83,348.018647
-1196.712245,92,348.600839
-766.82209,58,349.241875
-857.06404,73,349.654413
-758.61083,59,350.201604
-680.705275,56,350.614638
-1781.075649,126,351.125691
-797.98612,79,351.964272
-808.55291,66,352.48589
-718.901846,56,352.906297
-846.081109,71,353.316732
-1649.512863,125,353.807378
-1297.276242,103,354.65536
-975.931954,93,355.653212
-808.944706,70,356.616629
-1506.227277,112,357.443166
-1093.277317,89,358.531116
-953.30919,80,359.282505
-1923.822106,131,360.01338
-1216.743563,97,360.943844
-841.876097,87,361.560945
-1021.817288,84,362.105364
-1200.515339,96,362.762262
-805.471315,66,363.44968
-1296.751107,106,363.96198
-1052.842405,93,364.654966
-751.318646,63,365.298026
-729.987302,53,365.807264
-1275.279538,103,366.21817
-1549.211625,115,366.943796
-1352.331636,116,367.708874
-1003.688345,86,368.443489
-947.840663,80,368.979824
-917.900414,95,369.676771
-809.223098,80,370.308712
-791.327234,68,370.869873
-935.679999,79,371.348966
-1567.587802,115,371.886291
-1422.902215,115,372.649081
-810.896087,66,373.452912
-879.894008,77,373.873922
-886.468416,75,374.41846
-1265.241383,96,374.961641
-715.665574,56,375.604117
-1144.473872,95,376.010804
-1600.696107,117,376.688612
-761.392646,62,377.460991
-893.465428,76,377.903107
-1244.301752,95,378.456477
-1345.158126,100,379.141077
-1381.15733,106,379.862332
-1829.811698,129,380.653118
-852.654915,68,381.516512
-739.55524,59,381.999327
-832.249225,71,382.443889
-761.873959,58,382.937228
-1180.035161,92,383.379516
-838.652289,74,384.05891
-1306.281148,110,384.619227
-782.363776,63,385.384987
-778.162657,69,385.818266
-740.556909,59,386.270213
-696.60627,56,386.667091
-946.509714,81,387.068646
-1327.026322,99,387.629686
-952.832104,82,388.283314
-960.893139,92,388.823742
-898.712119,77,389.429777
-758.681705,75,389.943183
-804.198526,66,390.431449
-834.066353,91,390.891902
-883.637953,78,391.54901
-1937.171177,133,392.093749
-753.711165,60,392.932161
-1459.401713,108,393.369695
-707.148768,58,394.073132
-1240.583575,95,394.483626
-775.329287,67,395.106204
-1180.580587,100,395.572344
-1209.498947,94,396.260497
-802.200147,67,396.8608
-1285.086988,103,397.332553
-872.840279,79,397.989646
-1154.969134,102,398.509574
-717.328773,60,399.121988
-961.604241,80,399.512223
-767.693936,61,400.006103
-850.453171,75,400.412723
-846.268019,86,400.909603
-884.033427,73,401.481796
-811.016601,68,401.95928
-1332.244606,108,402.518437
-883.502617,75,403.307763
-743.947843,62,403.831144
-975.375871,90,404.290354
-1130.482223,94,404.878911
-782.275172,70,405.492384
-1322.708218,110,405.975919
-768.662155,66,406.670601
-832.383512,67,407.143125
-1235.458722,101,407.600416
-934.953086,80,408.291717
-872.887766,80,408.822103
-755.853128,57,409.350061
-794.377165,84,409.762626
-884.416637,76,410.318796
-752.40498,64,410.885557
-1000.041705,86,411.308515
-1079.694034,87,411.878175
-753.42183,85,412.416017
-805.710422,64,412.928789
-1568.43546,121,413.360272
-1472.600442,121,414.159356
-1131.207498,91,414.936615
-1122.228808,96,415.537615
-723.597117,59,416.145407
-796.986836,65,416.523945
-1829.367227,133,417.003213
-989.805003,90,417.787755
-2123.197271,145,418.459954
-1091.506419,87,419.406162
-787.472532,60,419.955058
-870.124216,78,420.411799
-1149.777597,98,420.944254
-1296.334979,98,421.676668
-902.384019,99,422.402437
-1235.038419,95,423.107403
-1922.48107,142,423.773348
-1888.473449,131,424.764865
-905.987244,85,425.60781
-1334.718835,101,426.228202
-791.96945,65,427.252159
-893.588033,74,427.918866
-1266.977098,97,428.809686
-846.277619,72,429.781171
-974.330646,93,430.548589
-1215.68592,93,431.442743
-1261.807733,98,432.351186
-774.149711,66,433.37402
-1002.914863,83,434.017453
-1419.621571,106,434.854699
-1473.513828,117,436.014522
-1135.135994,91,437.275997
-794.167226,68,438.117543
-1270.237952,100,438.797868
-1877.805542,132,439.807653
-799.540185,64,441.00485
-787.726509,61,441.593571
-761.485547,56,442.170064
-2108.861147,142,442.776716
-1392.659375,105,444.132681
-1178.181841,93,445.249827
-769.753719,62,446.08523
-1330.591816,101,446.730089
-1332.345686,100,447.748648
-855.512073,71,448.838087
-848.2981,71,449.594856
-1074.267603,87,450.415078
-682.393116,55,451.305352
-809.765009,70,451.850875
-734.81511,61,452.527544
-1261.502235,102,453.132766
-1490.009936,111,454.126822
-2002.990932,135,455.107709
-1018.396776,88,455.958916
-1532.258887,117,456.541565
-1391.42494,107,457.294992
-1440.837002,117,458.028145
-1248.206933,95,458.798516
-907.653597,78,459.456656
-970.895473,82,459.976552
-734.195818,57,460.477331
-1165.402308,93,460.864219
-1665.885259,121,461.454415
-956.826235,92,462.171461
-1366.738031,103,462.819397
-744.609745,59,463.50173
-1720.544964,127,463.956402
-1206.953104,104,464.795912
-918.757393,81,465.438112
-807.586065,64,466.01984
-1259.98437,98,466.460601
-835.186262,70,467.075983
-849.594764,71,467.548715
-1550.826584,122,468.041979
-710.085236,56,468.794083
-775.714796,60,469.150434
-1339.336586,103,469.59465
-814.675738,70,470.298174
-1220.604157,112,470.814313
-712.889039,57,471.566776
-1341.812682,102,471.98793
-1165.880492,96,472.696883
-1333.595619,110,473.361746
-1076.27044,87,474.104466
-1217.358729,99,474.697067
-1688.551662,124,475.426042
-706.600561,57,476.693847
-1930.798817,135,477.367788
-1379.443193,105,478.621752
-1137.073922,101,479.6242
-1414.40249,121,480.70187
-1080.625718,91,481.940967
-1004.804903,88,482.875206
-1524.798724,118,483.777107
-1168.581601,94,484.906743
-786.148363,65,485.861505
-926.890147,80,486.549722
-1960.30677,136,487.452512
-1868.234409,133,488.889038
-1771.243462,131,490.291337
-733.238949,79,491.624915
-796.455235,79,492.505162
-955.917755,81,493.348541
-728.880705,61,494.194999
-771.021641,61,494.821596
-1086.095906,101,495.643623
-792.833281,61,496.714577
-805.102228,66,497.384506
-810.377098,66,498.028092
-1042.797917,86,498.779058
-1102.36189,90,499.641246
-1663.71482,124,500.578011
-1149.799822,91,501.821968
-1083.150789,88,502.792654
-921.283661,79,503.639365
-720.695819,60,504.471709
-830.949011,71,505.117389
-1019.565248,87,505.865773
-1245.114491,98,506.748153
-1165.490848,95,507.780162
-767.884798,61,508.707831
-921.022088,78,509.360203
-1093.324049,90,510.099212
-819.644722,66,510.940756
-774.493446,60,511.587204
-1081.332814,89,512.145601
-1647.681344,163,513.044905
-1055.028473,94,514.795173
-732.530591,59,515.688151
-753.706091,62,516.356244
-757.414082,58,517.030209
-700.040313,58,517.663664
-778.927331,60,518.252881
-1608.143577,120,518.992485
-823.439602,87,520.285527
-861.255873,92,521.171732
-869.608463,73,522.121362
-910.073112,80,522.85236
-1375.366838,100,523.679377
-1397.616751,104,524.770062
-1290.314192,106,525.908587
-1185.765352,94,527.090012
-893.99785,84,528.017547
-899.580596,77,528.872304
-1323.99862,105,529.770558
-1606.729431,122,530.90627
-1295.533505,96,531.815957
-762.519625,61,532.437191
-753.955011,61,532.845087
-1845.506483,129,533.278411
-1059.065792,86,534.112277
-1392.004148,105,534.704573
-996.807427,83,535.377037
-808.36022,72,535.92076
-1051.057725,86,536.415124
-734.506717,58,536.980728
-739.488256,56,537.392419
-835.15892,83,537.804142
-1175.93591,105,538.42573
-1124.049411,89,539.167101
-901.398833,86,539.830597
-712.657133,58,540.478666
-806.834355,64,540.959716
-1375.156915,106,541.476155
-902.339747,77,542.185957
-955.393637,104,542.696687
-716.90062,61,543.478995
-820.332508,73,543.942306
-1541.61286,116,544.476226
-814.636042,66,545.37419
-1191.00947,92,545.917495
-859.496141,77,546.550689
-922.320322,80,547.111048
-1932.206178,135,547.757563
-849.753324,86,548.751277
-770.594286,60,549.31742
-807.871051,66,549.805643
-1012.138948,84,550.519044
-1178.719768,92,551.447213
-772.134673,65,552.346381
-1297.5144,107,553.08782
-1396.899698,106,554.224025
-1155.727273,93,555.259558
-1234.352208,97,556.150187
-713.749099,56,557.01821
-777.171685,59,557.604421
-911.006797,89,558.182744
-1129.742756,90,559.154477
-1142.636471,90,560.135257
-1217.897651,99,561.125253
-1055.388841,101,562.200649
-1266.792622,108,563.406496
-1878.396973,133,564.659842
-836.623326,68,566.077334
-787.966925,66,566.844949
-856.524604,72,567.498959
-1330.663284,100,568.214544
-735.202841,59,569.185719
-899.306797,76,569.75385
-707.171773,54,570.478719
-735.756468,57,570.979791
-1013.433358,87,571.58772
-1698.413875,122,572.6079
-1797.437112,137,573.878168
-1299.827442,112,575.239689
-1281.241246,101,576.427271
-1178.529833,93,577.504004
-746.627004,58,578.386404
-1075.765879,99,579.002099
-1141.727877,114,580.057739
-783.277497,58,581.138238
-759.397973,59,581.720724
-739.728146,61,582.319768
-1279.968632,98,582.975273
-837.868978,71,583.994634
-1022.805456,82,584.753759
-1552.140804,116,585.581364
-757.845228,59,586.642169
-827.234272,69,587.227477
-983.383469,85,587.888586
-1765.266556,123,588.711007
-922.894115,89,589.87304
-1677.151658,131,590.72436
-725.808679,55,591.881219
-923.889164,83,592.424919
-751.521225,61,593.208418
-1389.944641,105,593.784943
-1335.884895,101,594.738026
-902.979431,85,595.726789
-958.702809,85,596.519201
-2068.669943,141,597.353794
-1814.496043,132,598.7244
-1087.604052,87,599.910547
-770.12891,58,600.689208
-743.911156,86,601.249439
-824.637778,65,602.018159
-753.857853,61,602.616217
-1224.203788,95,603.220047
-997.034949,98,604.133554
-1192.59291,95,605.181484
-1903.795672,142,606.24829
-968.147886,80,607.640732
-1205.461813,93,608.497789
-728.752419,62,609.404949
-1485.216689,116,610.057309
-774.332193,66,611.13475
-709.870751,60,611.795232
-1124.684155,107,612.428291
-776.408654,63,613.381694
-1236.578342,96,613.987046
-826.429047,70,614.871527
-1184.279191,95,615.55497
-1163.274656,92,616.472827
-1060.534771,88,617.64841
-734.002764,56,618.70302
-767.837814,63,619.282222
-1121.448569,91,619.92276
-984.051356,90,620.775246
-1207.793699,94,621.615987
-721.98589,59,622.437469
-1063.892508,87,622.979557
-807.558761,63,623.765668
-1174.972088,92,624.381525
-1111.69777,90,625.243066
-1086.459973,88,626.073334
-1398.393481,111,626.919721
-778.960754,60,627.959284
-1842.842531,129,628.623435
-721.883109,78,629.873009
-1121.955669,100,630.696387
-1246.340771,95,631.686365
-828.918276,82,632.619215
-1179.688404,92,633.41121
-742.313959,56,634.302893
-926.289157,95,634.899205
-1313.825856,101,635.993214
-705.410064,57,637.019734
-1162.188106,126,637.678996
-1609.207503,121,639.001188
-2160.052303,143,640.207518
-1254.74852,97,641.559111
-997.895747,83,642.409291
-849.287442,70,642.90621
-1340.467152,110,643.379184
-1311.634422,105,644.05947
-755.222156,61,644.66865
-1409.073113,106,645.107949
-722.995591,61,645.740002
-689.852708,55,646.103282
-1355.46636,110,646.526102
-1740.322534,125,647.253577
-1114.628232,90,648.004037
-1402.133656,107,648.572947
-1768.517623,124,649.244707
-999.637498,85,650.064391
-2076.809247,142,650.68922
-869.711595,74,651.600915
-1453.258229,114,652.321065
-1422.736125,107,653.399443
-1433.202532,111,654.492326
-1031.750099,92,655.542449
-2026.250474,141,656.43668
-1030.438936,92,657.691618
-738.654671,61,658.536435
-853.360125,85,659.142715
-1403.030176,108,659.96372
-781.552728,64,661.081731
-1109.291288,89,661.80127
-876.659716,89,662.699208
-760.327767,60,663.519549
-1280.914895,99,664.147534
-1201.874999,96,665.120866
-1611.763982,121,665.963656
-1300.518474,101,666.691911
-1034.653839,94,667.326207
-768.087791,58,667.873225
-1768.066139,129,668.269925
-1325.737677,103,669.028734
-725.504674,58,669.598379
-949.503125,78,669.962585
-837.042303,79,670.446162
-962.376032,96,670.936544
-1393.959016,114,671.52084
-840.827819,70,672.189226
-781.162758,60,672.629241
-756.838816,60,673.041952
-747.580614,57,673.408588
-1292.210452,100,673.803926
-701.577823,56,674.450099
-1406.747672,105,674.860215
-2066.465056,141,675.630645
-983.160107,83,676.550523
-1871.049095,131,677.12717
-856.364389,76,678.000256
-1420.695767,118,678.553852
-1206.713202,94,679.324089
-1429.042269,109,679.976138
-1221.653195,97,680.698246
-736.126263,57,681.304907
-1288.465174,99,681.72792
-1682.973777,123,682.416543
-1206.914421,101,683.242687
-1085.456362,88,684.021753
-800.284744,66,684.60714
-1190.235903,97,685.099886
-764.2159,67,685.737536
-739.184531,61,686.190903
-894.048856,87,686.613507
-1331.387849,109,687.228722
-934.425561,81,687.923389
-1686.604919,120,688.569599
-1230.362941,95,689.389411
-755.218415,58,690.017216
-766.481821,63,690.403648
-899.875852,85,690.847773
-1358.73365,102,691.443398
-780.860799,81,692.101903
-737.700357,55,692.630509
-980.329453,81,693.021202
-851.150524,71,693.595294
-735.32887,57,694.039825
-876.59416,73,694.433437
-1298.447467,101,694.916887
-711.307126,57,695.573039
-1907.632529,129,696.008393
-785.557133,68,696.928514
-1256.859435,107,697.417062
-701.002068,56,698.055884
-808.157155,66,698.542268
-2023.686483,138,699.01914
-1788.639518,126,700.241799
-1107.75885,89,701.099611
-789.483343,59,701.665257
-786.176358,66,702.061313
-1182.052006,94,702.548
-774.437396,63,703.119427
-1418.509677,115,703.574903
-813.808833,70,704.280203
-1131.934066,90,704.785715
-1444.238279,116,705.464783
-1099.275187,89,706.390399
-1342.809605,111,707.080985
-875.709561,76,707.765049
-1324.275983,110,708.266146
-1828.518315,129,709.002244
-1100.096571,90,709.794585
-799.325898,66,710.356306
-1219.454723,100,710.800324
-863.194792,72,711.433038
-1096.967753,88,711.889602
-1925.569109,134,712.492389
-739.934842,57,713.273225
-1022.988358,95,713.654043
-1238.57754,97,714.263875
-910.186317,85,714.85508
-906.3433,79,715.485965
-747.161693,59,715.986904
-857.474865,89,716.391407
-907.530059,83,716.933531
-1267.154707,98,717.467079
-1082.470568,87,718.056367
-1042.68315,85,718.621708
-1115.915735,90,719.246218
-890.491547,74,719.861681
-847.064277,71,720.364885
-858.57837,73,720.876841
-786.144131,66,721.490666
-1954.093215,132,722.019625
-825.14253,69,722.930431
-881.929287,92,723.445072
-745.652545,61,724.119053
-792.657649,68,724.525504
-738.503282,55,724.956597
-968.412361,92,725.339342
-1430.067068,106,725.905071
-797.393197,70,726.539815
-957.374915,84,726.964195
-1335.432752,106,727.505186
-792.76909,64,728.165313
-962.296519,81,728.593684
-1253.730308,99,729.101934
-738.544546,60,729.719114
-1210.571203,95,730.10536
-737.997422,61,730.695878
-882.380857,77,731.092996
-1804.137735,128,731.614677
-1063.592201,97,732.436006
-956.652379,79,733.00075
-1920.244701,133,733.51769
-1119.327977,116,734.354255
-1259.104734,96,735.131517
-1745.914784,146,735.882478
-853.200989,79,737.042508
-886.745435,73,737.592247
-1422.520938,107,738.139662
-1056.007469,99,738.978364
-1324.414901,101,739.714295
-1896.044324,133,740.775603
-1185.386203,92,742.001736
-823.700774,67,742.780633
-1232.814991,100,743.294166
-1580.336438,123,744.036525
-1232.852047,105,744.921531
-692.460732,55,745.703258
-745.376832,57,746.109686
-1067.747146,88,746.556637
-1366.817116,104,747.211387
-842.343138,72,748.01956
-749.954002,59,748.538185
-1213.715494,94,749.005685
-1969.79612,132,749.700682
-1459.733359,112,750.741617
-776.667514,69,751.649523
-702.99295,55,752.208006
-1036.332365,97,752.66486
-912.768235,95,753.386039
-1703.69407,127,754.002676
-1132.09514,95,754.88299
-780.167005,64,755.443294
-1480.852867,115,755.908154
-749.086568,59,756.627211
-743.516516,58,757.032372
-1253.284548,99,757.434196
-1856.397096,134,758.120872
-891.791787,79,758.889045
-2085.624945,143,759.436182
-967.435121,85,760.297687
-1012.464319,84,760.86328
-813.207656,71,761.432954
-886.186531,75,761.903741
-753.264483,65,762.328257
-1400.048172,108,762.761736
-1571.790788,116,763.474588
-1028.980248,90,764.148154
-1366.082487,105,764.731869
-818.82557,86,765.390895
-931.306734,78,765.979747
-738.917126,57,766.488612
-810.660394,67,766.896449
-718.137865,57,767.359126
-752.724261,60,767.801271
-809.345553,66,768.203496
-1209.155947,100,768.708395
-775.521338,62,769.333572
-1139.38429,92,769.798523
-1988.703081,153,770.461072
-813.786148,65,771.490946
-874.695152,75,771.943102
-731.643028,58,772.401693
-1051.128546,85,772.808485
-789.703115,67,773.395802
-1473.824005,117,773.921
