date,open,high,low,close,volume,amount
2024-02-08,1.037,1.061,1.002,1.056,1803216,188157481.958
2024-02-19,1.057,1.057,1.035,1.051,330964,34688994.969
2024-02-20,1.047,1.047,1.022,1.039,204624,21108119.279
2024-02-21,1.038,1.086,1.009,1.061,84545,9005591.3
2024-02-22,1.06,1.072,1.052,1.064,48191,5119945.242
2024-02-23,1.064,1.084,1.062,1.08,37655,4042346.833
2024-02-26,1.079,1.087,1.062,1.075,28968,3120894.839
2024-02-27,1.07,1.093,1.07,1.093,19536,2117673.783
2024-02-28,1.1,1.202,1.079,1.079,110917,12461770.173
2024-02-29,1.07,1.12,1.03,1.119,33065,3638635.725
2024-03-01,1.12,1.136,1.11,1.133,38755,4358851.845
2024-03-04,1.14,1.153,1.13,1.138,77931,8880498.133
2024-03-05,1.134,1.134,1.116,1.125,20652,2319975.8
2024-03-06,1.126,1.16,1.114,1.143,64601,7350229.201
2024-03-07,1.145,1.145,1.111,1.111,20128,2273271.6
2024-03-08,1.116,1.146,1.116,1.144,24859,2819526.9
2024-03-11,1.178,1.258,1.167,1.235,182573,21827145.034
2024-03-12,1.234,1.234,1.209,1.219,181319,22124048.686
2024-03-13,1.219,1.223,1.2,1.217,79047,9603023.1
2024-03-14,1.216,1.223,1.195,1.203,74944,9054641.819
2024-03-15,1.203,1.203,1.173,1.19,70717,8371395.486
2024-03-18,1.201,1.224,1.201,1.224,94492,11462324.642
2024-03-19,1.229,1.236,1.209,1.211,66801,8170336.5
2024-03-20,1.212,1.226,1.206,1.22,38872,4734546.8
2024-03-21,1.22,1.221,1.201,1.204,44646,5390852.1
2024-03-22,1.204,1.208,1.18,1.182,33304,3959007.4
2024-03-25,1.183,1.192,1.164,1.164,31543,3714987.9
2024-03-26,1.164,1.196,1.161,1.187,42597,5016819.8
2024-03-27,1.187,1.188,1.142,1.144,46210,5378420.3
2024-03-28,1.143,1.173,1.143,1.159,48631,5650663.863
2024-03-29,1.166,1.19,1.155,1.168,31500,3676594.3
2024-04-01,1.169,1.218,1.169,1.218,61853,7448756.9
2024-04-02,1.221,1.234,1.209,1.231,66334,8106556.491
2024-04-03,1.23,1.23,1.203,1.207,49824,6036571.7
2024-04-08,1.207,1.21,1.175,1.175,44584,5308849.3
2024-04-09,1.175,1.201,1.175,1.2,50987,6092374.6
2024-04-10,1.202,1.202,1.171,1.178,53993,6367413.5
2024-04-11,1.16,1.187,1.158,1.176,29166,3420690.6
2024-04-12,1.17,1.174,1.144,1.146,58689,6782002.2
2024-04-15,1.115,1.172,1.115,1.148,54418,6264792.476
2024-04-16,1.147,1.148,1.105,1.106,46155,5165990.728
2024-04-17,1.119,1.136,1.108,1.136,38124,4298287.6
2024-04-18,1.137,1.145,1.08,1.13,35961,4064985.4
2024-04-19,1.13,1.13,1.096,1.104,43096,4759856.1
2024-04-22,1.104,1.116,1.091,1.099,13879,1532389.2
2024-04-23,1.109,1.125,1.097,1.108,19856,2199907.0
2024-04-24,1.098,1.105,1.087,1.102,12574,1377403.3
2024-04-25,1.106,1.127,1.096,1.12,26110,2916271.096
2024-04-26,1.12,1.139,1.109,1.135,43289,4863089.6
2024-04-29,1.134,1.198,1.134,1.189,77603,9162887.3
2024-04-30,1.187,1.188,1.166,1.17,35528,4169225.8
2024-05-06,1.181,1.202,1.181,1.198,36202,4332090.2
2024-05-07,1.198,1.204,1.192,1.199,43214,5182317.086
2024-05-08,1.198,1.198,1.174,1.174,23669,2801773.6
2024-05-09,1.173,1.218,1.173,1.213,58095,7015469.445
2024-05-10,1.205,1.218,1.193,1.203,44782,5369152.1
2024-05-13,1.2,1.201,1.178,1.19,43184,5140914.3
2024-05-14,1.195,1.199,1.178,1.18,59773,7064247.4
2024-05-15,1.182,1.204,1.175,1.176,22300,2656433.9
2024-05-16,1.176,1.19,1.163,1.176,26634,3134110.8
2024-05-17,1.176,1.187,1.15,1.187,25720,3009315.762
2024-05-20,1.178,1.192,1.178,1.186,15760,1868404.2
2024-05-21,1.186,1.186,1.173,1.177,14913,1754393.5
2024-05-22,1.186,1.208,1.179,1.201,42483,5096080.006
2024-05-23,1.199,1.199,1.176,1.183,31659,3741767.09
2024-05-24,1.181,1.193,1.12,1.165,11623,1364400.1
2024-05-27,1.169,1.185,1.156,1.175,9541,1109513.9
2024-05-28,1.174,1.177,1.161,1.164,6294,734653.6
2024-05-29,1.162,1.225,1.146,1.173,32694,3856851.0
2024-05-30,1.185,1.193,1.17,1.174,17657,2074046.9
2024-05-31,1.174,1.18,1.166,1.167,15985,1874424.1
2024-06-03,1.168,1.176,1.153,1.165,9843,1143545.6
2024-06-04,1.165,1.195,1.165,1.189,40157,4729463.3
2024-06-05,1.188,1.205,1.173,1.174,30090,3576333.3
2024-06-06,1.172,1.177,1.144,1.156,50736,5860836.565
2024-06-07,1.156,1.159,1.113,1.127,57652,6548028.134
2024-06-11,1.127,1.135,1.102,1.134,15544,1744534.9
2024-06-12,1.132,1.134,1.121,1.124,26405,2969323.9
2024-06-13,1.125,1.137,1.122,1.126,19814,2239611.0
2024-06-14,1.133,1.133,1.108,1.123,23157,2581006.8
2024-06-17,1.12,1.146,1.109,1.142,62270,7095021.5
2024-06-18,1.143,1.153,1.14,1.148,12534,1436995.8
2024-06-19,1.148,1.148,1.134,1.134,30696,3499749.4
2024-06-20,1.13,1.13,1.11,1.111,22435,2509066.3
2024-06-21,1.112,1.12,1.096,1.104,25708,2841165.7
2024-06-24,1.104,1.104,1.082,1.083,16767,1827920.9
2024-06-25,1.083,1.089,1.06,1.061,19063,2039198.348
2024-06-26,1.062,1.083,1.056,1.083,40969,4358654.8
2024-06-27,1.074,1.083,1.04,1.064,24542,2625717.112
2024-06-28,1.063,1.079,1.059,1.062,27844,2984383.1
2024-07-01,1.056,1.073,1.046,1.067,41110,4341981.6
2024-07-02,1.057,1.061,1.047,1.048,14449,1522823.08
2024-07-03,1.049,1.06,1.04,1.044,12390,1301962.8
2024-07-04,1.044,1.052,1.026,1.028,32701,3395626.0
2024-07-05,1.029,1.037,1.02,1.035,49083,5036489.762
2024-07-08,1.025,1.028,0.995,1.013,36195,3690346.2
2024-07-09,1.029,1.032,1.003,1.03,22096,2248915.7
2024-07-10,1.03,1.044,1.016,1.016,14153,1462558.2
2024-07-11,1.031,1.065,1.031,1.065,43809,4612901.9
2024-07-12,1.066,1.096,1.058,1.091,54674,5903251.14
2024-07-15,1.083,1.084,1.071,1.077,13656,1470819.36
2024-07-16,1.067,1.108,1.067,1.099,26510,2884228.014
2024-07-17,1.1,1.1,1.084,1.086,36414,3961649.8
2024-07-18,1.071,1.109,1.071,1.105,21956,2409058.3
2024-07-19,1.1,1.116,1.083,1.114,20646,2288147.277
2024-07-22,1.11,1.13,1.11,1.119,18310,2051204.805
2024-07-23,1.12,1.12,1.091,1.092,14912,1650174.05
2024-07-24,1.091,1.13,1.075,1.075,19203,2089994.8
2024-07-25,1.078,1.101,1.074,1.09,8412,914699.2
2024-07-26,1.091,1.11,1.091,1.102,12180,1338617.9
2024-07-29,1.102,1.102,1.069,1.075,11673,1255607.6
2024-07-30,1.07,1.074,1.064,1.071,5425,580003.7
2024-07-31,1.071,1.104,1.065,1.103,18363,2009265.9
2024-08-01,1.094,1.15,1.088,1.093,21661,2374216.6
2024-08-02,1.088,1.095,1.073,1.08,8255,895568.9
2024-08-05,1.067,1.09,1.051,1.051,7332,784461.4
2024-08-06,1.054,1.09,1.054,1.075,8708,933161.4
2024-08-07,1.08,1.087,1.072,1.079,3979,429929.8
2024-08-08,1.069,1.088,1.058,1.071,5021,536737.5
2024-08-09,1.079,1.083,1.061,1.062,7568,806678.87
2024-08-12,1.062,1.072,1.049,1.049,8366,883227.6
2024-08-13,1.076,1.076,1.046,1.069,11151,1176607.0
2024-08-14,1.076,1.076,1.049,1.051,7609,801676.9
2024-08-15,1.051,1.064,1.042,1.053,9953,1049825.3
2024-08-16,1.055,1.055,1.042,1.044,7469,782100.1
2024-08-19,1.044,1.052,1.035,1.035,7525,782279.8
2024-08-20,1.035,1.04,1.023,1.027,8547,877821.6
2024-08-21,1.027,1.048,1.014,1.017,9972,1017847.5
2024-08-22,1.027,1.036,1.018,1.018,6888,704260.9
2024-08-23,1.02,1.02,1.007,1.013,7079,717145.6
2024-08-26,1.013,1.049,1.013,1.04,11057,1147491.0
2024-08-27,1.04,1.048,1.015,1.02,24060,2453662.9
2024-08-28,1.02,1.02,1.013,1.014,10500,1066607.3
2024-08-29,1.012,1.065,1.012,1.058,58797,6155899.9
2024-08-30,1.058,1.094,1.054,1.074,45076,4839002.0
2024-09-02,1.075,1.086,1.06,1.06,22105,2380748.2
2024-09-03,1.059,1.085,1.055,1.082,25616,2756572.2
2024-09-04,1.081,1.104,1.058,1.086,27575,3001229.3
2024-09-05,1.086,1.096,1.083,1.087,24320,2646929.4
2024-09-06,1.087,1.087,1.063,1.064,17864,1909989.0
2024-09-09,1.061,1.068,1.047,1.047,15310,1613276.0
2024-09-10,1.047,1.07,1.04,1.054,11309,1186746.4
2024-09-11,1.057,1.093,1.057,1.091,23430,2541800.7
2024-09-12,1.091,1.107,1.083,1.084,30138,3308413.1
2024-09-13,1.084,1.102,1.025,1.068,12984,1386006.6
2024-09-18,1.067,1.067,1.052,1.059,15902,1680599.8
2024-09-19,1.066,1.081,1.057,1.065,22812,2439050.2
2024-09-20,1.077,1.077,1.047,1.062,21715,2289646.3
2024-09-23,1.062,1.068,1.045,1.046,15263,1604250.216
2024-09-24,1.049,1.082,1.039,1.082,29091,3100750.0
2024-09-25,1.084,1.116,1.083,1.083,29529,3252435.1
2024-09-26,1.082,1.114,1.071,1.114,35767,3918342.918
2024-09-27,1.124,1.225,1.124,1.204,49942,5869824.9
2024-09-30,1.235,1.324,1.22,1.324,45875,5925091.096
2024-10-08,1.456,1.456,1.38,1.456,30297,4387089.985
2024-10-09,1.553,1.553,1.372,1.372,98248,14316139.238
2024-10-10,1.371,1.413,1.348,1.364,44517,6158164.7
2024-10-11,1.363,1.363,1.276,1.3,40288,5236368.925
2024-10-14,1.294,1.321,1.27,1.314,26786,3472838.8
2024-10-15,1.314,1.319,1.281,1.284,34817,4524904.4
2024-10-16,1.278,1.278,1.241,1.248,20758,2608097.2
2024-10-17,1.255,1.267,1.236,1.236,33446,4186663.8
2024-10-18,1.241,1.345,1.231,1.31,46464,5984446.249
2024-10-21,1.32,1.358,1.314,1.331,65057,8665160.7
2024-10-22,1.321,1.338,1.306,1.338,22986,3047316.1
2024-10-23,1.338,1.391,1.331,1.371,50696,6908653.8
2024-10-24,1.372,1.373,1.316,1.319,39909,5299431.3
2024-10-25,1.323,1.408,1.323,1.374,70958,9731635.2
2024-10-28,1.396,1.396,1.349,1.37,39074,5327122.7
2024-10-29,1.374,1.396,1.342,1.347,26556,3611974.4
2024-10-30,1.35,1.351,1.323,1.342,26690,3567124.2
2024-10-31,1.384,1.384,1.337,1.356,37837,5131795.7
2024-11-01,1.356,1.356,1.315,1.327,40748,5435097.7
2024-11-04,1.334,1.368,1.33,1.359,39401,5329584.45
2024-11-05,1.365,1.405,1.354,1.4,50475,7012485.3
2024-11-06,1.401,1.45,1.387,1.398,67884,9673562.0
2024-11-07,1.412,1.5,1.379,1.417,136778,19195706.5
2024-11-08,1.436,1.462,1.408,1.41,84923,12185147.4
2024-11-11,1.41,1.453,1.395,1.453,76591,10990743.1
2024-11-12,1.456,1.485,1.43,1.457,62365,9125578.389
2024-11-13,1.458,1.458,1.415,1.457,46479,6682784.735
2024-11-14,1.466,1.472,1.415,1.419,68768,9972320.0
2024-11-15,1.415,1.415,1.37,1.371,52917,7391319.3
2024-11-18,1.362,1.38,1.328,1.336,36215,4911812.7
2024-11-19,1.344,1.385,1.331,1.383,36857,5023270.4
2024-11-20,1.383,1.393,1.378,1.389,42811,5934702.3
2024-11-21,1.396,1.403,1.374,1.386,20272,2811758.3
2024-11-22,1.386,1.39,1.338,1.342,38613,5288382.1
2024-11-25,1.342,1.379,1.333,1.355,60263,8165746.3
2024-11-26,1.354,1.354,1.319,1.321,32401,4323831.8
2024-11-27,1.322,1.348,1.294,1.346,60773,8020586.0
2024-11-28,1.341,1.35,1.326,1.327,31687,4242007.8
2024-11-29,1.327,1.37,1.322,1.347,38462,5171928.0
2024-12-02,1.347,1.364,1.329,1.361,25094,3394584.0
2024-12-03,1.357,1.367,1.345,1.357,21978,2975743.7
2024-12-04,1.35,1.35,1.327,1.332,34339,4590519.15
2024-12-05,1.325,1.348,1.325,1.338,22893,3068339.7
2024-12-06,1.338,1.37,1.328,1.364,43153,5834922.0
2024-12-09,1.364,1.376,1.353,1.365,33138,4529987.9
2024-12-10,1.401,1.41,1.364,1.367,39559,5502665.8
2024-12-11,1.358,1.376,1.358,1.365,40986,5595391.5
2024-12-12,1.366,1.378,1.358,1.374,30022,4113351.7
2024-12-13,1.373,1.373,1.345,1.348,27985,3790193.7
2024-12-16,1.345,1.348,1.325,1.329,30197,4042884.142
2024-12-17,1.329,1.348,1.321,1.323,30399,4045612.9
2024-12-18,1.332,1.335,1.32,1.325,16582,2200905.2
2024-12-19,1.322,1.339,1.309,1.336,18088,2399710.6
2024-12-20,1.327,1.342,1.327,1.333,13727,1832318.5
2024-12-23,1.334,1.349,1.315,1.318,24482,3268325.3
2024-12-24,1.318,1.346,1.318,1.345,19616,2624813.1
2024-12-25,1.355,1.355,1.324,1.331,25486,3395928.5
2024-12-26,1.334,1.356,1.321,1.355,30281,4091214.2
2024-12-27,1.345,1.363,1.344,1.348,33331,4510910.15
2024-12-30,1.349,1.368,1.349,1.355,35348,4797369.275
2024-12-31,1.355,1.365,1.324,1.325,44610,5974634.7
2025-01-02,1.324,1.353,1.277,1.286,34942,4547860.9
2025-01-03,1.286,1.3,1.258,1.259,26740,3419823.4
2025-01-06,1.257,1.292,1.257,1.282,43402,5535081.3
2025-01-07,1.271,1.301,1.265,1.301,28055,3612435.8
2025-01-08,1.289,1.306,1.264,1.293,14885,1907378.7
2025-01-09,1.283,1.311,1.283,1.298,14950,1944903.8
2025-01-10,1.298,1.298,1.261,1.261,17238,2209159.0
2025-01-13,1.241,1.273,1.239,1.257,22988,2892597.1
2025-01-14,1.261,1.309,1.257,1.308,25085,3236724.3
2025-01-15,1.308,1.308,1.285,1.288,20369,2636204.725
2025-01-16,1.298,1.317,1.287,1.301,21186,2757339.4
2025-01-17,1.31,1.313,1.286,1.306,25333,3300436.3
2025-01-20,1.315,1.349,1.315,1.34,28071,3763832.6
2025-01-21,1.344,1.348,1.32,1.328,20657,2745433.3
2025-01-22,1.318,1.332,1.308,1.317,13371,1764045.4
2025-01-23,1.321,1.343,1.31,1.313,43203,5693261.7
2025-01-24,1.309,1.444,1.308,1.323,26091,3460004.6
2025-01-27,1.325,1.326,1.292,1.292,28200,3676973.4
2025-02-05,1.301,1.318,1.259,1.277,21813,2792064.6
2025-02-06,1.287,1.307,1.275,1.307,18205,2361038.8
2025-02-07,1.3,1.347,1.3,1.339,45143,6008412.9
2025-02-10,1.339,1.349,1.314,1.332,46790,6197287.0
2025-02-11,1.331,1.331,1.314,1.318,18559,2445858.9
2025-02-12,1.318,1.339,1.313,1.338,31590,4198940.4
2025-02-13,1.338,1.35,1.325,1.326,35011,4690584.3
2025-02-14,1.33,1.345,1.326,1.335,26694,3564886.5
2025-02-17,1.336,1.352,1.336,1.35,49510,6665312.9
2025-02-18,1.378,1.381,1.345,1.358,234378,32058249.7
2025-02-19,1.364,1.372,1.331,1.371,110501,15022221.5
2025-02-20,1.367,1.371,1.348,1.363,62397,8493783.7
2025-02-21,1.365,1.412,1.365,1.412,130312,18201860.9
2025-02-24,1.424,1.428,1.397,1.417,177426,25134662.7
2025-02-25,1.415,1.423,1.39,1.406,60630,8536654.9
2025-02-26,1.397,1.429,1.397,1.426,80078,11368916.8
2025-02-27,1.442,1.449,1.412,1.431,111502,15957579.3
2025-02-28,1.423,1.432,1.395,1.399,74152,10486985.0
2025-03-03,1.399,1.451,1.398,1.424,86614,12373242.0
2025-03-04,1.404,1.406,1.388,1.404,52299,7311926.4
2025-03-05,1.403,1.408,1.384,1.397,35077,4882349.6
2025-03-06,1.403,1.428,1.403,1.427,61847,8779586.4
2025-03-07,1.418,1.423,1.353,1.405,39947,5636377.3
2025-03-10,1.405,1.416,1.396,1.415,53094,7473621.004
2025-03-11,1.407,1.42,1.395,1.42,33473,4707596.2
2025-03-12,1.417,1.441,1.417,1.427,80460,11515995.761
2025-03-13,1.424,1.438,1.398,1.408,49527,6995843.339
2025-03-14,1.405,1.432,1.394,1.43,66525,9442201.65
2025-03-17,1.432,1.439,1.424,1.427,44315,6335967.6
2025-03-18,1.435,1.448,1.427,1.431,44871,6448306.3
2025-03-19,1.431,1.44,1.409,1.426,38834,5528996.2
2025-03-20,1.426,1.429,1.414,1.416,35388,5031860.1
2025-03-21,1.406,1.42,1.385,1.39,46628,6520283.5
2025-03-24,1.389,1.395,1.356,1.377,41868,5745803.8
2025-03-25,1.377,1.396,1.371,1.379,48307,6694280.8
2025-03-26,1.378,1.396,1.378,1.387,36949,5133689.2
2025-03-27,1.383,1.397,1.371,1.379,27715,3827354.2
2025-03-28,1.379,1.395,1.373,1.374,18421,2550552.1
2025-03-31,1.367,1.373,1.334,1.345,55881,7534304.3
2025-04-01,1.35,1.37,1.347,1.358,35390,4808696.7
2025-04-02,1.357,1.37,1.355,1.361,20602,2807934.25
2025-04-03,1.338,1.346,1.316,1.321,48101,6397475.6
2025-04-07,1.21,1.259,1.189,1.189,28151,3384463.7
2025-04-08,1.173,1.18,1.116,1.133,84224,9546647.366
2025-04-09,1.123,1.153,1.07,1.145,83319,9386765.5
2025-04-10,1.19,1.201,1.15,1.181,54382,6459445.8
2025-04-11,1.17,1.209,1.095,1.198,29123,3462535.2
2025-04-14,1.215,1.222,1.206,1.207,25137,3048603.5
2025-04-15,1.217,1.217,1.197,1.204,24083,2907957.1
2025-04-16,1.204,1.204,1.163,1.179,32808,3854617.1
2025-04-17,1.164,1.193,1.164,1.179,34165,4044643.93
2025-04-18,1.178,1.189,1.163,1.185,23158,2735417.6
2025-04-21,1.186,1.212,1.176,1.21,31166,3741076.9
2025-04-22,1.211,1.212,1.191,1.197,33670,4037652.6
2025-04-23,1.205,1.227,1.205,1.22,25632,3119235.5
2025-04-24,1.216,1.222,1.205,1.21,20932,2540679.4
2025-04-25,1.208,1.23,1.208,1.222,21696,2652149.7
2025-04-28,1.222,1.232,1.215,1.22,22625,2761537.0
2025-04-29,1.213,1.221,1.211,1.213,17002,2067594.9
2025-04-30,1.21,1.225,1.21,1.221,17897,2187102.1
2025-05-06,1.228,1.255,1.227,1.253,29822,3717857.0
2025-05-07,1.276,1.279,1.249,1.257,24569,3104770.8
2025-05-08,1.257,1.284,1.257,1.279,28568,3643080.7
2025-05-09,1.279,1.279,1.257,1.274,22673,2868928.6
2025-05-12,1.284,1.315,1.284,1.315,39648,5178448.8
2025-05-13,1.326,1.334,1.31,1.316,50277,6639235.6
2025-05-14,1.318,1.319,1.302,1.311,33982,4447941.1
2025-05-15,1.311,1.311,1.281,1.283,26902,3465552.9
2025-05-16,1.282,1.295,1.282,1.287,19121,2461640.0
2025-05-19,1.287,1.287,1.269,1.283,14902,1905042.8
2025-05-20,1.283,1.299,1.277,1.293,16011,2064418.4
2025-05-21,1.293,1.318,1.291,1.307,47934,6269243.3
2025-05-22,1.305,1.306,1.285,1.287,23926,3103479.7
2025-05-23,1.285,1.292,1.266,1.267,20917,2679834.6
2025-05-26,1.267,1.273,1.253,1.259,26917,3395878.6
2025-05-27,1.264,1.265,1.246,1.259,18644,2339119.3
2025-05-28,1.259,1.264,1.245,1.25,12606,1581230.9
2025-05-29,1.25,1.265,1.25,1.261,25443,3205049.8
2025-05-30,1.253,1.26,1.242,1.245,17204,2141630.1
2025-06-03,1.245,1.246,1.239,1.24,12651,1569748.7
2025-06-04,1.241,1.266,1.241,1.259,16821,2116312.31
2025-06-05,1.259,1.274,1.255,1.272,18112,2289899.7
2025-06-06,1.272,1.278,1.266,1.268,14818,1885993.0
2025-06-09,1.27,1.287,1.269,1.281,18225,2334002.1
2025-06-10,1.289,1.29,1.258,1.27,17480,2231029.2
2025-06-11,1.275,1.29,1.274,1.278,29099,3732661.9
2025-06-12,1.276,1.277,1.265,1.274,11727,1492121.1
2025-06-13,1.274,1.274,1.253,1.256,20427,2575050.6
2025-06-16,1.25,1.268,1.25,1.262,19186,2422909.0
2025-06-17,1.26,1.266,1.254,1.259,21147,2664135.4
2025-06-18,1.264,1.273,1.26,1.271,20592,2611360.7
2025-06-19,1.261,1.285,1.253,1.256,28281,3592818.4
2025-06-20,1.258,1.274,1.244,1.244,14774,1856757.9
2025-06-23,1.243,1.267,1.23,1.266,16324,2052017.1
2025-06-24,1.266,1.305,1.265,1.305,50315,6505737.0
2025-06-25,1.306,1.337,1.306,1.336,53196,7043485.7
2025-06-26,1.336,1.343,1.314,1.315,40042,5329816.6
2025-06-27,1.317,1.336,1.317,1.32,28773,3816581.0
2025-06-30,1.325,1.343,1.325,1.338,18568,2479597.7
2025-07-01,1.337,1.349,1.315,1.329,27617,3661663.7
2025-07-02,1.329,1.331,1.317,1.321,18240,2408657.2
2025-07-03,1.326,1.347,1.321,1.343,27230,3627161.5
2025-07-04,1.343,1.348,1.325,1.327,34851,4649276.4
2025-07-07,1.327,1.327,1.312,1.321,15912,2096997.5
2025-07-08,1.326,1.361,1.321,1.358,34197,4606467.0
2025-07-09,1.358,1.372,1.355,1.36,52554,7171416.0
2025-07-10,1.36,1.376,1.36,1.37,41827,5724673.0
2025-07-11,1.369,1.381,1.361,1.371,35306,4847411.1
2025-07-14,1.371,1.381,1.367,1.375,16096,2208298.0
2025-07-15,1.373,1.389,1.36,1.371,14895,2043421.9
2025-07-16,1.371,1.38,1.364,1.373,22162,3043812.7
2025-07-17,1.37,1.38,1.367,1.378,52119,7157390.8
2025-07-18,1.378,1.395,1.378,1.386,26323,3647340.9
2025-07-21,1.386,1.398,1.385,1.395,27051,3765773.8
2025-07-22,1.398,1.413,1.391,1.406,60921,8526990.75
2025-07-23,1.406,1.414,1.392,1.394,30252,4242876.1
2025-07-24,1.394,1.421,1.394,1.42,33651,4749994.5
2025-07-25,1.419,1.421,1.413,1.416,16272,2305106.2
2025-07-28,1.416,1.427,1.406,1.42,27797,3939906.6
2025-07-29,1.416,1.426,1.409,1.426,17531,2484044.7
2025-07-30,1.427,1.427,1.393,1.4,36882,5192103.8
2025-07-31,1.399,1.417,1.375,1.38,49971,6946256.15
2025-08-01,1.38,1.396,1.379,1.389,40270,5588741.45
2025-08-04,1.379,1.4,1.374,1.4,36309,5032444.65
2025-08-05,1.405,1.413,1.4,1.413,20791,2924065.45
2025-08-06,1.419,1.432,1.408,1.432,43771,6236674.3
2025-08-07,1.43,1.435,1.411,1.419,35545,5052829.1
2025-08-08,1.41,1.459,1.41,1.441,53812,7733157.0
2025-08-11,1.444,1.483,1.444,1.481,53211,7817951.4
2025-08-12,1.481,1.498,1.461,1.496,49654,7348119.737
2025-08-13,1.496,1.533,1.494,1.531,40235,6081845.5
2025-08-14,1.531,1.54,1.511,1.529,49604,7585177.5
2025-08-15,1.522,1.603,1.522,1.603,120330,19025930.8
2025-08-18,1.605,1.636,1.59,1.627,103471,16711774.9
2025-08-19,1.63,1.65,1.607,1.63,63085,10253878.5
2025-08-20,1.609,1.631,1.592,1.631,61673,9934106.6
2025-08-21,1.631,1.632,1.592,1.598,88300,14193104.1
2025-08-22,1.596,1.63,1.59,1.628,66375,10733694.6
2025-08-25,1.642,1.683,1.642,1.67,92625,15356534.6
2025-08-26,1.67,1.672,1.645,1.654,50191,8330851.1
2025-08-27,1.655,1.701,1.643,1.648,80554,13464061.2
2025-08-28,1.626,1.688,1.626,1.688,121928,20262799.2
2025-08-29,1.689,1.772,1.682,1.761,171321,29669655.3
2025-09-01,1.775,1.78,1.712,1.745,219565,38105908.9
2025-09-02,1.748,1.763,1.685,1.706,170844,29422922.5
2025-09-03,1.707,1.797,1.707,1.782,481554,85298258.9
2025-09-04,1.803,1.871,1.744,1.783,1014915,184892670.3
2025-09-05,1.776,1.958,1.769,1.948,1072665,201476509.1
2025-09-08,2.002,2.006,1.902,1.928,1721396,333251553.3
2025-09-09,1.9,1.941,1.89,1.907,665224,127320241.7
2025-09-10,1.874,1.904,1.86,1.889,722417,135897321.2
2025-09-11,1.886,1.959,1.858,1.956,705324,135881261.1
2025-09-12,1.955,1.987,1.931,1.955,929915,182432659.774
2025-09-15,1.984,2.046,1.968,1.97,1432973,286620278.148
2025-09-16,1.96,1.993,1.941,1.99,802778,158358718.149
2025-09-17,1.991,2.03,1.966,2.022,715282,143171623.139
2025-09-18,2.022,2.05,1.967,2.002,1333972,269115522.4
2025-09-19,2.0,2.01,1.973,1.979,612448,121779908.281
2025-09-22,1.985,2.0,1.96,2.0,580745,115341981.882
2025-09-23,2.001,2.059,1.977,2.026,814345,164930683.48
2025-09-24,2.021,2.079,2.003,2.079,901533,184829826.696
2025-09-25,2.08,2.141,2.072,2.122,822872,173853599.686
2025-09-26,2.11,2.14,2.066,2.068,814769,170942930.2
2025-09-29,2.096,2.184,2.096,2.162,1112065,238501622.657
2025-09-30,2.179,2.205,2.154,2.19,1187661,259104542.4
2025-10-09,2.201,2.233,2.179,2.194,1410458,310601869.652
2025-10-10,2.182,2.182,2.051,2.066,1151239,242546615.112
2025-10-13,1.942,2.055,1.942,2.041,703275,141311428.832
2025-10-14,2.058,2.113,1.976,1.99,1063817,217519043.62
2025-10-15,1.98,2.05,1.939,2.047,948920,189997583.8
2025-10-16,2.049,2.094,2.031,2.073,792440,163553444.021
2025-10-17,2.058,2.062,1.935,1.939,1294313,255656081.875
2025-10-20,1.958,2.01,1.958,1.976,736163,145787939.225
2025-10-21,1.989,2.03,1.969,2.018,780180,156614952.346
2025-10-22,2.017,2.02,1.972,1.991,463608,92272011.312
2025-10-23,1.988,2.01,1.948,2.004,613913,121248794.65
2025-10-24,2.015,2.072,2.015,2.072,1022851,209908628.855
2025-10-27,2.129,2.129,2.049,2.084,1198950,249773677.566
2025-10-28,2.072,2.092,2.046,2.063,844486,174610517.002
2025-10-29,2.069,2.194,2.069,2.186,1750311,375544470.673
2025-10-30,2.196,2.22,2.172,2.179,1543563,339574760.18
2025-10-31,2.168,2.232,2.151,2.161,1177934,258021505.166
2025-11-03,2.161,2.188,2.117,2.187,1041323,224409105.627
2025-11-04,2.186,2.192,2.105,2.11,1171838,251599280.022
2025-11-05,2.064,2.216,2.063,2.21,2136156,459815425.219
2025-11-06,2.217,2.268,2.203,2.249,1963777,438948658.207
2025-11-07,2.24,2.268,2.212,2.239,1506896,337859253.737
2025-11-10,2.26,2.272,2.167,2.186,2389775,527263028.973
2025-11-11,2.21,2.239,2.181,2.189,1845502,408044898.704
2025-11-12,2.164,2.178,2.113,2.141,1860399,397581124.0
2025-11-13,2.145,2.26,2.137,2.233,2602195,575287962.985
2025-11-14,2.198,2.227,2.173,2.176,1314664,289199282.71
2025-11-17,2.17,2.194,2.152,2.175,1707121,370581058.225
2025-11-18,2.163,2.185,2.09,2.11,1927324,408860617.0
2025-11-19,2.099,2.128,2.081,2.093,1220949,256312358.434
2025-11-20,2.106,2.121,2.06,2.064,1041673,217455475.159
2025-11-21,2.01,2.04,1.961,1.964,1890685,376893366.132
2025-11-24,1.975,1.989,1.95,1.969,1618098,319094481.51
2025-11-25,1.996,2.049,1.991,2.014,1473436,297636880.362
2025-11-26,2.013,2.06,1.996,2.031,947014,192128922.25
2025-11-27,2.047,2.091,2.022,2.028,1253645,257802800.718
2025-11-28,2.013,2.063,2.013,2.054,808840,165052325.723
2025-12-01,2.061,2.071,2.035,2.06,995018,204143555.7
2025-12-02,2.061,2.061,2.023,2.035,762798,155429217.542
2025-12-03,2.037,2.06,2.014,2.022,797310,162177069.6
2025-12-04,2.017,2.031,1.996,2.025,1128003,227442159.9
2025-12-05,2.032,2.067,2.01,2.06,1296210,265735788.4
2025-12-08,2.063,2.115,2.058,2.099,1348711,282458552.291
2025-12-09,2.103,2.123,2.081,2.092,1936202,405073454.482
2025-12-10,2.088,2.092,2.04,2.07,897422,184680464.4
2025-12-11,2.078,2.112,2.045,2.049,848024,176256052.3
2025-12-12,2.049,2.072,2.032,2.065,795986,163426982.33
2025-12-15,2.059,2.086,2.048,2.056,737439,152147800.0
2025-12-16,2.041,2.052,1.986,2.008,1458907,292518924.6
2025-12-17,2.008,2.084,2.008,2.08,913626,187265798.168
2025-12-18,2.062,2.077,2.036,2.038,956742,196806082.0
2025-12-19,2.04,2.057,2.025,2.04,747887,152678529.4
2025-12-22,2.052,2.074,2.041,2.069,721116,148892964.76
2025-12-23,2.083,2.121,2.064,2.113,1099003,230818641.777
2025-12-24,2.11,2.154,2.101,2.15,1228447,262897945.62
2025-12-25,2.148,2.16,2.125,2.149,921990,197445327.117
2025-12-26,2.15,2.203,2.15,2.169,1126548,244734595.329
2025-12-29,2.156,2.156,2.118,2.126,1415355,301609132.364
2025-12-30,2.104,2.143,2.104,2.135,802892,170808877.616
2025-12-31,2.133,2.139,2.087,2.093,1044864,219710676.811
2026-01-05,2.096,2.125,2.095,2.125,1242890,262504222.768
2026-01-06,2.125,2.159,2.117,2.142,1938686,414300284.2
2026-01-07,2.147,2.17,2.131,2.158,2220085,477499307.267
2026-01-08,2.158,2.167,2.128,2.143,1294095,278033875.399
2026-01-09,2.147,2.179,2.13,2.167,1259681,272062221.028
2026-01-12,2.157,2.16,2.102,2.149,2130796,453983520.58
2026-01-13,2.149,2.154,2.087,2.113,1741477,369336608.886
2026-01-14,2.133,2.162,2.101,2.13,2180863,465165703.498
2026-01-15,2.131,2.165,2.117,2.148,1420702,304879313.139
2026-01-16,2.17,2.196,2.153,2.163,1130580,245265245.836
2026-01-19,2.163,2.21,2.151,2.2,1436155,314493812.791
2026-01-20,2.221,2.221,2.12,2.132,1674120,359700916.6
2026-01-21,2.126,2.182,2.119,2.165,1104387,238547390.755
2026-01-22,2.165,2.192,2.14,2.152,976920,210339973.298
2026-01-23,2.157,2.205,2.157,2.203,1342473,294182480.233
2026-01-26,2.231,2.25,2.189,2.201,1298841,287581042.518
2026-01-27,2.198,2.201,2.118,2.184,1393908,300284043.926
2026-01-28,2.173,2.187,2.143,2.179,1568893,338630254.464
2026-01-29,2.163,2.164,2.112,2.116,2748859,588110833.328
2026-01-30,2.105,2.138,2.061,2.123,1300796,273398700.29
2026-02-02,2.138,2.158,2.085,2.09,1652613,350286492.952
2026-02-03,2.09,2.14,2.078,2.139,1469649,309620974.607
2026-02-04,2.137,2.166,2.122,2.165,1268317,271346562.271
2026-02-05,2.157,2.157,2.076,2.088,1274047,267053815.959
2026-02-06,2.054,2.13,2.048,2.101,1096536,230344589.6
2026-02-09,2.139,2.164,2.118,2.159,890715,191323315.022
2026-02-10,2.154,2.173,2.145,2.148,617354,133285452.784
2026-02-11,2.141,2.165,2.136,2.138,576358,123802721.9
2026-02-12,2.143,2.212,2.143,2.205,1650196,362018149.243
2026-02-13,2.183,2.203,2.163,2.165,1050000,229664214.998
2026-02-24,2.18,2.196,2.159,2.176,1020760,222651196.734
2026-02-25,2.187,2.218,2.172,2.21,772231,169480202.9
